delta_t,x [dps],y [dps],z [dps]
0.0029625892639160156, 0.244,-0.020,-0.134
0.00590205192565918, 0.213, 0.117,-0.004
0.008808612823486328, 0.046,-0.081,-0.020
0.011684179306030273,-0.351, 0.056, 0.110
0.014525651931762695,-0.092,-2.088,-0.104
0.01728534698486328, 0.404,-0.097, 0.019
0.02002716064453125,-0.023, 0.125, 0.049
0.022771120071411133, 0.236, 0.140, 0.049
0.025635242462158203,-0.130, 0.140,-0.187
0.028461456298828125,-0.199, 0.109, 0.179
0.031237363815307617,-0.000, 0.125,-0.210
0.03400731086730957, 0.068, 0.033, 0.080
0.03677678108215332, 0.152,-0.058, 0.034
0.03953981399536133, 0.274,-0.142,-0.020
0.04234719276428223,-0.084, 0.117,-0.180
0.0451509952545166,-0.084,-0.066, 0.362
0.04792070388793945,-0.000,-0.326, 0.133
0.050690650939941406, 0.145, 0.094, 0.202
0.05346179008483887, 0.038, 0.086,-0.287
0.05630302429199219, 0.145,-0.127,-0.027
0.059116363525390625,-0.183, 0.155, 0.133
0.06212949752807617,-0.290, 0.079,-0.012
0.0653083324432373,-0.153,-0.097, 0.194
0.06807112693786621,-0.054, 0.018, 0.102
0.07079792022705078,-0.046,-0.066, 0.072
0.07352042198181152, 0.015, 0.193, 0.110
0.07629966735839844,-0.176,-0.112, 0.293
0.07894492149353027,-0.229, 0.300,-0.050
0.08151412010192871, 0.023, 0.025, 0.034
0.0840909481048584, 0.244, 0.163, 0.049
0.08666515350341797,-0.061,-0.112, 0.163
0.08923196792602539, 0.091, 0.064, 0.125
0.09180688858032227,-0.130,-0.127, 0.110
0.09445452690124512, 0.023, 0.033, 0.087
0.09704184532165527, 0.358, 0.079,-0.020
0.09962153434753418,-0.031,-0.043, 0.095
0.10220098495483398,-0.015,-0.226, 0.217
0.10477781295776367,-0.069, 0.109, 0.186
0.10734272003173828,-0.084, 0.010,-0.012
0.10992980003356934,-0.015,-0.135,-0.226
0.1125032901763916,-0.015, 0.086, 0.064
0.11510562896728516,-0.168,-0.051, 0.087
0.11768484115600586, 0.114,-0.013, 0.011
0.12026166915893555,-0.023,-0.104,-0.020
0.12283635139465332,-0.176,-0.257, 0.125
0.1254425048828125, 0.358,-0.043, 0.072
0.1280806064605713,-0.008,-0.112, 0.087
0.1306934356689453, 0.137,-0.089, 0.179
0.13331174850463867,-0.160, 0.071,-0.004
0.13589715957641602, 0.053,-0.013, 0.019
0.13851070404052734,-0.145, 0.155, 0.019
0.14111900329589844, 0.114, 0.140,-0.012
0.14371395111083984,-0.015,-0.120,-0.081
0.14632010459899902, 0.305, 0.086, 0.026
0.14891910552978516,-0.076,-0.013, 0.286
0.15149950981140137, 0.130, 0.155, 0.194
0.15408611297607422,-0.092,-0.135,-0.096
0.15665864944458008, 0.015, 0.018,-0.065
0.15926837921142578, 0.191,-0.112, 0.171
0.16192412376403809, 0.038, 0.048,-0.058
0.16453075408935547,-0.107, 0.140,-0.149
0.1681663990020752, 0.053,-0.203, 0.057
0.1708066463470459,-0.015,-0.020, 0.156
0.1734623908996582, 0.015,-0.058,-0.119
0.17654800415039062,-0.038,-0.203, 0.179
0.17916178703308105,-0.153, 0.262, 0.003
0.18174099922180176,-0.046, 0.079,-0.157
0.18431472778320312,-0.008,-0.142,-0.012
0.18689322471618652, 0.053, 0.132,-0.134
0.18948578834533691, 0.290, 0.277, 0.202
0.19211459159851074,-0.076,-0.104, 0.163
0.19474077224731445, 0.160, 0.147,-0.073
0.19731950759887695,-0.191,-0.432,-0.027
0.1999070644378662,-0.115, 0.186, 0.171
0.20249652862548828, 0.015,-0.081, 0.003
0.20509552955627441,-0.054,-0.058, 0.110
0.20768213272094727,-0.115,-0.081,-0.088
0.21029114723205566,-0.084, 0.132, 0.217
0.21288394927978516, 0.183,-0.257,-0.020
0.21548151969909668, 0.030, 0.048, 0.102
0.21809935569763184,-0.168,-0.005,-0.126
0.22068309783935547,-0.084,-0.097,-0.043
0.22327065467834473,-0.031, 0.254,-0.081
0.22586750984191895,-0.107, 0.132, 0.102
0.2284550666809082, 0.061,-0.287,-0.088
0.23107361793518066,-0.054,-0.028, 0.026
0.23366832733154297, 0.068,-0.081,-0.088
0.2362663745880127,-0.015, 0.056,-0.088
0.23885536193847656,-0.061, 0.193,-0.043
0.24147558212280273,-0.260,-0.097, 0.102
0.24457740783691406, 0.183, 0.186, 0.049
0.24728178977966309,-0.321, 0.056,-0.195
0.24990105628967285,-0.046, 0.064,-0.126
0.25251340866088867, 0.107, 0.216, 0.102
0.2551558017730713,-0.221,-0.173, 0.080
0.2578282356262207,-0.000, 0.071,-0.043
0.2604672908782959,-0.031, 0.071, 0.125
0.2631199359893799,-0.176,-0.135,-0.058
0.26579713821411133,-0.084,-0.097,-0.096
0.26840806007385254,-0.130,-0.013,-0.081
0.2710137367248535,-0.046, 0.453, 0.179
0.27359604835510254,-0.061,-0.219,-0.111
0.27618956565856934,-0.107, 0.048,-0.142
0.2787954807281494, 0.015, 0.010,-0.096
0.2813858985900879, 0.107, 0.033, 0.141
0.2839853763580322,-0.305,-0.066,-0.073
0.28661417961120605,-0.069,-0.036,-0.027
0.28919434547424316, 0.068,-0.226, 0.217
0.29177165031433105,-0.183, 0.277, 0.202
0.29434847831726074,-0.008,-0.196, 0.064
0.29694151878356934, 0.038,-0.020, 0.209
0.29953575134277344,-0.008, 0.117,-0.096
0.3021221160888672,-0.221, 0.201,-0.111
0.30471348762512207,-0.008,-0.150, 0.011
0.3073251247406006, 0.130, 0.041,-0.165
0.309917688369751, 0.068,-0.020, 0.163
0.3125321865081787,-0.031,-0.013,-0.134
0.31513190269470215,-0.046,-0.135, 0.293
0.31772875785827637,-0.061, 0.262, 0.095
0.32031917572021484,-0.084,-0.203, 0.194
0.3229055404663086,-0.069,-0.058, 0.011
0.32555603981018066,-0.054, 0.186,-0.065
0.32817506790161133, 0.191,-0.081, 0.148
0.3307669162750244,-0.275,-0.089, 0.133
0.33339405059814453, 0.076,-0.036, 0.110
0.3359837532043457, 0.084,-0.249, 0.034
0.3385896682739258,-0.084,-0.028, 0.156
0.34119558334350586, 0.130,-0.150, 0.049
0.34378695487976074, 0.114, 0.102, 0.118
0.3463785648345947,-0.031,-0.219,-0.180
0.3489673137664795,-0.099, 0.117,-0.043
0.3515589237213135,-0.191,-0.165, 0.255
0.35416746139526367, 0.213, 0.254,-0.020
0.35677409172058105, 0.068,-0.127,-0.012
0.35936975479125977, 0.053, 0.041, 0.194
0.36196446418762207,-0.046,-0.234, 0.125
0.36455416679382324, 0.175,-0.104,-0.111
0.36712646484375, 0.068, 0.033,-0.012
0.3697013854980469,-0.015,-0.142,-0.233
0.37227416038513184,-0.038, 0.010, 0.057
0.3748626708984375, 0.107,-0.036, 0.156
0.3774569034576416, 0.053,-0.234,-0.035
0.38004136085510254, 0.076, 0.331,-0.050
0.38262391090393066,-0.137,-0.112,-0.073
0.3852195739746094, 0.068, 0.125, 0.072
0.3878004550933838, 0.152,-0.058,-0.187
0.3904080390930176, 0.099,-0.242, 0.247
0.3929896354675293, 0.206,-0.089, 0.133
0.3955705165863037,-0.176, 0.277,-0.126
0.3981611728668213,-0.031,-0.142,-0.134
0.4007413387298584,-0.000,-0.043,-0.027
0.4033210277557373, 0.023,-0.074,-0.012
0.4059009552001953, 0.015, 0.155, 0.011
0.40848374366760254,-0.191, 0.003, 0.019
0.41106295585632324,-0.046,-0.249, 0.049
0.41364288330078125, 0.015, 0.018,-0.043
0.41622281074523926, 0.007,-0.074, 0.057
0.41880226135253906, 0.038, 0.186,-0.210
0.42138242721557617, 0.175,-0.074, 0.057
0.423961877822876,-0.023, 0.109, 0.186
0.4265422821044922,-0.023, 0.033,-0.004
0.4291231632232666,-0.115,-0.127, 0.163
0.4317045211791992,-0.183,-0.097,-0.165
0.43428492546081543,-0.023, 0.048,-0.165
0.43686628341674805,-0.122, 0.056,-0.004
0.43944549560546875,-0.282, 1.650,-0.203
0.44202589988708496, 0.145, 0.048,-0.043
0.44460535049438477, 0.091,-0.051, 0.270
0.447185754776001,-0.237, 0.209,-0.058
0.4497652053833008, 0.099,-0.188,-0.088
0.4523446559906006,-0.176,-0.043,-0.035
0.4549252986907959, 0.007, 0.209,-0.081
0.4575047492980957, 0.168, 0.094,-0.111
0.4600849151611328,-0.061, 0.056, 0.064
0.46267056465148926, 0.091,-0.058,-0.111
0.4652528762817383,-0.130,-0.028, 0.133
0.4678325653076172, 0.313,-0.028, 0.224
0.4704132080078125, 0.168,-0.089, 0.141
0.4729924201965332, 0.130, 0.071,-0.081
0.475571870803833, 0.068, 0.102, 0.110
0.4781796932220459, 0.114, 0.125, 0.133
0.4811728000640869, 0.328,-0.120,-0.157
0.4837799072265625, 0.107, 0.094,-0.012
0.48636341094970703,-0.282, 0.231,-0.134
0.48894619941711426, 0.038,-0.058, 0.255
0.491527795791626, 0.007, 0.056, 0.118
0.49413609504699707,-0.107, 0.178, 0.072
0.4967226982116699,-0.008,-0.188, 0.087
0.49930405616760254, 0.015,-0.043, 0.224
0.5018856525421143,-0.038,-0.120, 0.217
0.5044670104980469, 0.084,-0.005,-0.004
0.5070459842681885, 0.053, 0.224,-0.058
0.5096321105957031, 0.007, 0.109, 0.041
0.512214183807373, 0.038, 0.102,-0.241
0.514796257019043,-0.168,-0.013,-0.096
0.5173757076263428, 0.046, 0.056,-0.050
0.519956111907959,-0.313, 0.048, 0.148
0.5225362777709961, 0.206,-0.112,-0.027
0.5251188278198242, 0.191,-0.081,-0.035
0.5277004241943359, 0.099, 0.117, 0.156
0.530280351638794, 0.152, 0.224, 0.080
0.5328614711761475, 0.145,-0.264,-0.142
0.5354483127593994, 0.053,-0.051, 0.003
0.5380291938781738, 0.061, 0.033,-0.058
0.5406093597412109, 0.007, 0.155, 0.141
0.543189525604248, 0.244,-0.036,-0.088
0.5457680225372314,-0.244,-0.097, 0.072
0.5483460426330566, 0.061, 0.300, 0.263
0.5509240627288818,-0.206,-0.043,-0.058
0.5535223484039307, 0.244,-0.181, 0.247
0.556128740310669,-0.031, 0.254, 0.041
0.5587003231048584,-0.137, 0.056,-0.058
0.5612709522247314,-0.122, 0.086,-0.012
0.5638396739959717,-0.099, 0.010, 0.057
0.5664124488830566, 0.099, 0.094, 0.110
0.5689826011657715,-0.015,-0.013, 0.087
0.5715529918670654, 0.015, 0.010, 0.179
0.5741221904754639,-0.092, 0.262,-0.119
0.5767199993133545, 0.038,-0.066,-0.172
0.5792992115020752, 0.068, 0.064, 0.041
0.5818698406219482,-0.099, 0.201, 0.316
0.5844428539276123, 0.122,-0.020,-0.073
0.5870249271392822, 0.221,-0.036, 0.011
0.5896062850952148,-0.137,-0.074, 0.057
0.5921859741210938, 0.107,-0.028,-0.149
0.5947725772857666, 0.152, 0.003, 0.080
0.5973520278930664, 0.091,-0.150,-0.111
0.599933385848999, 0.068,-0.211, 0.003
0.6025142669677734, 0.030, 0.033, 0.026
0.6050968170166016, 0.122,-0.112, 0.308
0.6076779365539551, 0.122,-0.066,-0.233
0.6102583408355713, 0.145,-0.066,-0.104
0.6128387451171875, 0.007, 0.071,-0.035
0.6154181957244873, 0.046,-0.051, 0.072
0.6180059909820557,-0.099, 0.109,-0.012
0.6205832958221436,-0.092,-0.013, 0.133
0.623161792755127,-0.023, 0.056, 0.072
0.625748872756958,-0.038, 0.025, 0.118
0.6283292770385742, 0.015,-0.043, 0.049
0.6309185028076172,-0.199, 0.170, 0.118
0.6335010528564453, 0.084,-0.058,-0.142
0.6360809803009033, 0.267,-0.051, 0.202
0.6386611461639404,-0.023, 0.010, 0.179
0.6412408351898193, 0.053,-0.005,-0.249
0.6438205242156982,-0.237, 0.041, 0.095
0.6464006900787354,-0.099, 0.209, 0.003
0.6489803791046143,-0.054, 0.109,-0.004
0.6515607833862305, 0.160,-0.043, 0.232
0.6541407108306885,-0.099, 0.041,-0.279
0.6567211151123047, 0.015, 0.170,-0.004
0.6593005657196045, 0.130, 0.094,-0.157
0.6618804931640625, 0.046,-0.036, 0.080
0.6644611358642578, 0.152, 0.132, 0.179
0.6670405864715576, 0.061, 0.102,-0.020
0.6696205139160156,-0.160,-0.013,-0.264
0.6722002029418945,-0.031, 0.094,-0.073
0.6747801303863525,-0.076,-0.051,-0.035
0.6773674488067627,-0.076,-0.005,-0.020
0.6799490451812744, 0.328, 0.186, 0.026
0.6825284957885742,-0.023,-0.081,-0.165
0.6851093769073486, 0.145, 0.147,-0.065
0.6876888275146484,-0.076, 1.650, 0.026
0.6902685165405273, 0.053, 0.041, 0.064
0.6928482055664062,-0.176,-0.066,-0.043
0.6954288482666016,-0.069, 0.041,-0.035
0.6980082988739014, 0.076, 0.003, 0.224
0.7005891799926758,-0.122, 0.010, 0.385
0.7031693458557129, 0.015,-0.394,-0.096
0.7057502269744873, 0.091, 0.285,-0.035
0.7083301544189453, 0.015, 0.071, 0.041
0.7109169960021973, 0.152, 0.102,-0.081
0.7134971618652344,-0.092,-0.020,-0.210
0.7160770893096924, 0.099, 0.033, 0.202
0.7186572551727295,-0.038,-0.219,-0.111
0.7212364673614502, 0.252, 0.117,-0.104
0.7238168716430664, 0.046, 0.094,-0.149
0.7263965606689453, 0.068,-0.135, 0.019
0.7289769649505615,-0.092,-0.089, 0.133
0.7315559387207031,-0.069,-0.127, 0.110
0.7341358661651611, 0.068, 0.025, 0.003
0.7367157936096191, 0.053,-0.074,-0.073
0.7392959594726562, 0.038, 0.247, 0.202
0.7418756484985352, 0.038,-0.203, 0.171
0.7444560527801514,-0.023,-0.013,-0.050
0.7470333576202393, 0.168,-0.013, 0.354
0.7496106624603271, 0.252,-0.020,-0.149
0.7521886825561523, 0.038, 1.650, 0.110
0.7548866271972656, 0.007,-0.005,-0.249
0.757465124130249,-0.191,-0.081,-0.043
0.7600364685058594, 0.213, 0.048,-0.088
0.7626066207885742,-0.183, 0.056,-0.104
0.7651779651641846,-0.031,-0.005, 0.064
0.7677478790283203, 0.076, 0.163,-0.088
0.7703173160552979,-0.054,-0.203, 0.263
0.7728869915008545,-0.107,-0.196,-0.012
0.7754578590393066,-0.153, 0.018, 0.102
0.778038501739502,-0.061, 0.094,-0.271
0.7807009220123291,-0.092, 0.048, 0.194
0.7833364009857178,-0.046,-0.089,-0.035
0.7860190868377686,-0.069, 0.056, 0.072
0.7887053489685059,-0.137,-0.089, 0.026
0.7913908958435059, 0.030, 0.056, 0.247
0.7940764427185059,-0.069, 0.041, 0.064
0.7967648506164551,-0.069, 0.102,-0.104
0.7994496822357178, 0.030, 0.086, 0.186
0.8021340370178223,-0.023, 0.155, 0.125
0.804821252822876,-0.046,-0.158, 0.202
0.8075072765350342,-0.076, 0.018,-0.004
0.8101909160614014,-0.076, 0.041,-0.088
0.8128762245178223,-0.084,-0.089, 0.011
0.8156249523162842, 0.053, 0.064, 0.324
0.8183097839355469,-0.061, 0.132, 0.049
0.8209934234619141, 0.076, 0.132,-0.134
0.8236784934997559, 0.068,-0.028, 0.057
0.8263680934906006,-0.191,-0.097,-0.004
0.8290510177612305, 0.152,-0.036, 0.148
0.8317356109619141,-0.084,-0.173, 0.003
0.8344216346740723, 0.130,-0.211, 0.087
0.8371105194091797,-0.015, 0.025, 0.194
0.8397927284240723,-0.115, 0.209, 0.133
0.8424787521362305,-0.321,-0.127,-0.004
0.8451664447784424, 0.198, 0.048, 0.087
0.8478512763977051,-0.168, 1.650,-0.004
0.8505361080169678,-0.092, 0.247, 0.286
0.8532199859619141, 0.084,-0.165, 0.141
0.8559110164642334, 0.099, 0.109,-0.043
0.8585951328277588, 0.061,-0.043,-0.004
0.8612806797027588,-0.031, 0.254, 0.064
0.8639640808105469,-0.031, 0.125,-0.050
0.8666539192199707, 0.099, 0.094, 0.057
0.8693382740020752,-0.168,-0.104,-0.043
0.8720221519470215,-0.229,-0.036, 0.095
0.8747091293334961, 0.030, 0.033, 0.255
0.8774173259735107, 0.221, 0.186,-0.111
0.8801050186157227, 0.030, 0.003,-0.020
0.8828022480010986,-0.328,-0.005,-0.073
0.8855266571044922, 0.244,-0.013,-0.187
0.8882436752319336,-0.000,-0.127, 0.003
0.8909609317779541,-0.084, 0.132, 0.019
0.8936805725097656,-0.015,-0.036, 0.095
0.8964023590087891,-0.206, 0.025,-0.096
0.8991193771362305,-0.054, 0.018,-0.058
0.90183424949646,-0.206,-0.036, 0.049
0.904552698135376, 0.145,-0.348, 0.019
0.9072721004486084,-0.061, 0.033,-0.081
0.9099876880645752,-0.054, 0.117, 0.186
0.9127051830291748,-0.115, 0.071, 0.064
0.9154210090637207, 0.007, 0.079,-0.187
0.9181375503540039,-0.092, 0.025,-0.020
0.9208524227142334, 0.007,-0.036, 0.179
0.9235672950744629,-0.015,-0.081, 0.003
0.9262886047363281, 0.030, 0.186, 0.003
0.9290070533752441, 0.038,-0.120,-0.020
0.9317247867584229,-0.023,-0.104,-0.073
0.934443473815918, 0.206,-0.226,-0.012
0.9371719360351562,-0.046, 0.216, 0.118
0.9398884773254395,-0.084,-0.028, 0.057
0.9426043033599854, 0.038, 0.056,-0.027
0.9453239440917969, 0.305,-0.234, 0.133
0.9480350017547607, 0.137, 0.079, 0.011
0.9507448673248291,-0.107, 0.018, 0.224
0.9537296295166016, 0.046, 0.384, 0.072
0.9564356803894043,-0.000, 0.125, 0.133
0.9591312408447266,-0.015,-0.203,-0.081
0.9618256092071533, 0.084, 0.155,-0.035
0.964522123336792,-0.069,-0.104, 0.156
0.9672181606292725, 0.099, 0.193, 0.041
0.9699106216430664, 0.068,-0.028, 0.240
0.9726049900054932,-0.054, 0.323,-0.004
0.9753503799438477, 0.053,-0.043, 0.156
0.9781436920166016, 0.015,-0.158, 0.011
0.9808716773986816,-0.076, 1.650, 0.232
0.9835669994354248,-0.023, 1.658, 0.072
0.9862861633300781, 0.145, 0.102, 0.125
0.9890031814575195, 0.099,-0.264,-0.012
0.9917190074920654, 0.160,-0.036, 0.209
0.9944376945495605,-0.023, 0.140, 0.019
0.9971511363983154, 0.053, 1.620, 0.217
0.9998631477355957, 0.130, 0.094, 0.148
1.006843090057373, 0.007, 0.048, 0.163
1.009582757949829, 0.038,-0.058, 0.064
1.0123682022094727, 0.068, 0.018, 0.087
1.015106439590454,-0.031,-0.242, 0.011
1.0178382396697998, 0.107, 0.201, 0.217
1.0205583572387695, 0.084, 0.147, 0.202
1.0233817100524902,-0.031, 0.117,-0.088
1.0262119770050049,-0.328, 0.071, 0.377
1.0289855003356934, 0.068, 0.125,-0.020
1.0317742824554443, 0.145, 0.102, 0.087
1.0345346927642822, 0.030,-0.058, 0.133
1.0372624397277832, 0.099, 0.170, 0.064
1.0399808883666992,-0.099,-0.013,-0.104
1.0427122116088867, 0.213,-0.013,-0.020
1.0454916954040527,-0.099, 0.094, 0.186
1.04823899269104, 0.168, 0.132, 0.141
1.0509703159332275,-0.183, 0.048,-0.264
1.0537207126617432,-0.099, 0.079, 0.308
1.056495189666748,-0.229,-0.326,-0.004
1.0592923164367676, 0.191, 0.140,-0.104
1.0620481967926025, 0.130,-0.112,-0.073
1.0648069381713867,-0.069, 0.071,-0.073
1.0675454139709473, 0.030, 0.079, 0.148
1.070279598236084, 0.107, 0.132,-0.134
1.0729882717132568, 0.152,-0.150,-0.241
1.0757131576538086, 0.076,-0.081, 0.278
1.0784766674041748,-0.115, 0.170, 0.080
1.0818445682525635,-0.023, 0.010,-0.233
1.0845913887023926, 0.320, 0.071, 0.049
1.087251901626587,-0.176,-0.089, 0.179
1.0899076461791992, 0.229, 0.056, 0.026
1.0926718711853027,-0.023,-0.005, 0.080
1.0953469276428223,-0.000,-0.173, 0.057
1.0979993343353271,-0.137, 0.102, 0.110
1.1006624698638916, 0.076,-0.249,-0.142
1.1033661365509033,-0.015, 0.109,-0.081
1.1060357093811035, 0.091, 0.300,-0.104
1.108771800994873,-0.000, 0.086,-0.149
1.111499547958374,-0.023,-0.120, 0.202
1.114201545715332,-0.084, 0.102, 0.026
1.1169066429138184, 0.114, 0.155,-0.081
1.119591236114502,-0.237, 0.140,-0.249
1.1222572326660156,-0.046, 0.140, 0.003
1.1249403953552246,-0.191, 0.025, 0.186
1.127619743347168, 0.206, 0.163,-0.180
1.1302835941314697,-0.076, 0.216, 0.232
1.1329379081726074,-0.115, 0.064,-0.050
1.13563871383667, 0.076,-0.097, 0.110
1.1383612155914307,-0.061,-0.043,-0.386
1.1410653591156006,-0.069,-0.203, 0.133
1.1437592506408691,-0.076, 0.125,-0.256
1.1464650630950928,-0.015,-0.127, 0.064
1.1491620540618896,-0.260,-0.165, 0.293
1.151855230331421, 0.175,-0.005,-0.157
1.1545403003692627,-0.092, 0.178, 0.049
1.1573097705841064,-0.092, 0.094,-0.020
1.1600229740142822,-0.061, 1.658, 0.011
1.1627588272094727,-0.237, 0.056, 0.148
1.1655018329620361,-0.122,-0.234,-0.081
1.1682384014129639, 0.068,-0.188, 0.255
1.1709527969360352,-0.275,-0.181,-0.134
1.1736676692962646, 0.099, 0.018, 0.095
1.176326036453247,-0.054,-0.081,-0.256
1.178987741470337,-0.260,-0.181, 0.057
1.1816344261169434,-0.099, 0.140, 0.102
1.1843492984771729,-0.015, 0.147, 0.133
1.186980962753296, 0.023,-0.379,-0.233
1.1896071434020996, 0.030, 0.003, 0.118
1.1922321319580078, 0.145,-0.051, 0.125
1.194861650466919, 0.145, 0.079,-0.126
1.1974875926971436,-0.145, 0.048,-0.043
1.200113296508789,-0.137,-0.074, 0.057
1.202737808227539,-0.076, 0.231,-0.088
1.2053658962249756,-0.260, 0.048, 0.072
1.207991123199463,-0.160, 0.018,-0.134
1.2106151580810547, 0.168, 0.300, 0.011
1.2132391929626465,-0.115, 1.650, 0.026
1.215867280960083, 0.084, 0.086,-0.065
1.218492031097412, 0.007,-0.257,-0.012
1.221116065979004, 0.068,-0.135, 0.270
1.2237412929534912, 0.007,-0.005,-0.104
1.2263803482055664,-0.191, 0.193, 0.011
1.2290089130401611,-0.115,-0.028,-0.203
1.2316339015960693, 0.053,-0.181,-0.134
1.2342662811279297, 0.084,-0.028, 0.263
1.236894130706787,-0.015,-0.272, 0.064
1.2395200729370117,-0.031, 0.338,-0.149
1.2421436309814453, 0.023,-0.150, 0.049
1.244769811630249,-0.000, 0.231, 0.003
1.2473945617675781,-0.000, 0.209, 0.125
1.25001859664917, 0.068, 0.056, 0.057
1.2526421546936035,-0.084,-0.089,-0.165
1.255293846130371, 0.130, 0.117, 0.011
1.2579174041748047,-0.153,-0.203, 0.415
1.2605421543121338,-0.076, 0.147, 0.072
1.2631664276123047, 0.038, 0.003, 0.232
1.265793800354004, 0.107,-0.074, 0.034
1.268418312072754,-0.061, 0.010, 0.247
1.2710425853729248, 0.061, 0.018, 0.171
1.2736666202545166,-0.046,-0.020,-0.050
1.2763125896453857, 0.130,-0.104, 0.087
1.2790000438690186,-0.168,-0.058, 0.041
1.2816433906555176, 0.160,-0.020,-0.004
1.284421443939209, 0.038, 0.224, 0.095
1.2871439456939697, 0.038,-0.043,-0.195
1.2898614406585693,-0.160,-0.188, 0.102
1.2925772666931152, 0.130,-0.005,-0.157
1.2953214645385742, 0.137, 0.147, 0.034
1.2980358600616455,-0.221, 0.323,-0.157
1.3007538318634033, 0.114,-0.333,-0.104
1.3034720420837402,-0.061, 0.140, 0.202
1.3062160015106201,-0.107,-0.112,-0.050
1.308934211730957,-0.000, 0.231, 0.270
1.3116505146026611, 0.122, 0.041,-0.020
1.314366102218628,-0.214,-0.150, 0.064
1.3171107769012451, 0.107, 0.147, 0.080
1.3198273181915283,-0.061,-0.097,-0.126
1.3225452899932861,-0.160, 0.048, 0.148
1.3252618312835693, 0.290,-0.280, 0.041
1.327979326248169,-0.015, 0.064, 0.057
1.3306958675384521,-0.076,-0.020,-0.065
1.3334109783172607, 0.030,-0.089, 0.163
1.336132526397705,-0.031,-0.013,-0.195
1.338848352432251,-0.084, 0.102, 0.339
1.3415660858154297,-0.038, 0.147,-0.180
1.3442809581756592, 0.015, 0.170,-0.081
1.34700345993042, 0.236,-0.135,-0.149
1.349719762802124,-0.023,-0.097, 0.148
1.3524348735809326,-0.412,-0.104, 0.202
1.355156421661377, 0.107,-0.005, 0.110
1.3578734397888184,-0.008, 0.186,-0.050
1.3605916500091553, 0.076,-2.195,-0.165
1.3633091449737549,-0.145,-0.165,-0.195
1.3660249710083008,-0.054, 0.071,-0.119
1.368741512298584,-0.023, 0.117, 0.148
1.371457815170288, 0.007,-0.051,-0.279
1.3741745948791504, 0.099,-0.036,-0.035
1.3768928050994873, 0.152,-0.005,-0.012
1.379626750946045,-0.000, 0.025, 0.110
1.3823490142822266,-0.038,-0.104,-0.126
1.3850955963134766, 0.137,-0.104,-0.065
1.3878140449523926, 0.114, 0.193, 0.232
1.3905329704284668, 0.213,-0.066, 0.080
1.3932559490203857,-0.252,-0.211, 0.278
1.3959813117980957, 0.099,-0.028,-0.104
1.398698091506958,-0.145,-0.028, 0.339
1.4014160633087158,-0.008,-0.097, 0.110
1.4041337966918945,-0.099, 0.216, 0.186
1.4068739414215088, 0.084,-0.219, 0.003
1.409592866897583,-0.130, 0.132, 0.156
1.412308692932129,-0.168,-0.074, 0.110
1.4150304794311523, 0.168, 0.048,-0.012
1.4177472591400146, 0.023, 0.292,-0.088
1.420464038848877, 0.122, 0.041, 0.064
1.4231817722320557,-0.023,-0.165,-0.073
1.4259045124053955,-0.252, 0.125, 0.141
1.4286220073699951,-0.015, 1.612, 0.087
1.4313392639160156, 0.068, 0.048, 0.255
1.4340558052062988, 0.015,-0.058,-0.378
1.4367790222167969,-0.000,-0.272, 0.255
1.439495325088501, 0.091, 0.155, 0.064
1.4422130584716797, 0.160,-0.036, 0.255
1.444934368133545, 0.015, 0.064,-0.035
1.4476537704467773,-0.038,-0.173, 0.232
1.4503741264343262, 0.107, 0.140, 0.011
1.4530909061431885, 0.137,-0.043,-0.058
1.4558138847351074, 0.084,-0.005,-0.271
1.4585304260253906,-0.092,-0.150, 0.133
1.4612488746643066, 0.160, 0.147, 0.255
1.4639675617218018,-0.199,-0.402, 0.087
1.4666898250579834, 0.076, 0.003,-0.165
1.4694054126739502,-0.122,-0.013, 0.041
1.4721219539642334, 0.046,-0.028, 0.270
1.474881887435913, 0.023,-0.020,-0.035
1.4776151180267334,-0.023, 0.071,-0.050
1.4803342819213867,-0.046, 0.064,-0.287
1.483053207397461,-0.054,-0.058, 0.110
1.485802173614502, 0.046,-0.120, 0.034
1.488518238067627,-0.099,-0.013, 0.080
1.4912347793579102, 0.053, 0.033, 0.041
1.4939508438110352, 0.030,-0.036, 0.057
1.4966723918914795,-0.092,-0.219, 0.247
1.4993877410888672, 0.023, 0.025,-0.012
1.502105474472046,-0.122, 0.132,-0.088
1.5048255920410156,-0.000,-0.058,-0.012
1.5075433254241943, 0.206,-0.272,-0.081
1.5102615356445312,-0.054, 0.125, 0.255
1.5129778385162354,-0.023,-0.066, 0.247
1.5156996250152588, 0.038, 0.086, 0.072
1.518418550491333,-0.046, 0.071,-0.088
1.521134614944458,-0.107, 0.186, 0.278
1.5238511562347412, 0.152, 0.071, 0.163
1.5265767574310303,-0.023, 0.193,-0.096
1.5292954444885254, 0.023,-0.234, 0.057
1.532012939453125,-0.099,-0.196,-0.134
1.5347318649291992,-0.015, 0.018,-0.027
1.537452220916748, 0.168,-0.150,-0.043
1.5401678085327148, 0.099, 0.193, 0.148
1.5428860187530518,-0.267, 0.064,-0.027
1.545607566833496,-0.137,-0.081,-0.149
1.5483250617980957,-0.061, 0.071,-0.157
1.5510427951812744,-0.183,-0.028, 0.087
1.5537598133087158,-0.092,-0.135, 0.224
1.556478500366211,-0.023,-0.058, 0.034
1.5591936111450195,-0.031,-0.181, 0.202
1.5619103908538818, 0.145, 0.109, 0.194
1.5646283626556396, 0.213,-0.005, 0.133
1.567345142364502,-0.038,-0.188, 0.118
1.570061206817627,-0.061, 0.353,-0.020
1.5727767944335938,-0.130,-0.150, 0.118
1.5754947662353516,-0.214,-0.249,-0.020
1.578235149383545,-0.054, 0.117, 0.163
1.5809545516967773,-0.107,-0.219, 0.041
1.5836725234985352,-0.099, 0.201,-0.180
1.586388111114502,-0.046, 0.186, 0.171
1.589106798171997, 0.061, 0.193,-0.043
1.5918245315551758, 0.007,-0.219, 0.240
1.5945446491241455,-0.260, 0.033,-0.043
1.5972633361816406, 0.336, 0.064,-0.111
1.5999794006347656,-0.031,-0.104,-0.126
1.6027138233184814, 0.084, 0.209, 0.095
1.6054375171661377,-0.000,-0.097, 0.049
1.608154058456421, 0.007,-0.097, 0.087
1.6108710765838623, 0.114, 0.178, 0.278
1.6135869026184082,-0.076,-0.120,-0.035
1.616309642791748, 0.168, 0.140, 0.019
1.6190259456634521, 0.122, 0.041, 0.110
1.6217451095581055, 0.122, 0.117, 0.133
1.6244659423828125,-0.099, 0.178, 0.156
1.6271843910217285, 0.023,-0.104, 0.286
1.629901647567749, 0.053, 0.056,-0.157
1.632617473602295,-0.069, 0.071, 0.095
1.6353404521942139, 0.191,-0.264,-0.157
1.6380579471588135,-0.092, 0.048, 0.186
1.6407713890075684,-0.115,-0.120,-0.142
1.6434886455535889,-0.237, 0.010, 0.209
1.646209716796875,-0.000,-0.272,-0.249
1.6489274501800537,-0.191,-0.173, 0.026
1.6516449451446533, 0.130,-0.104, 0.209
1.6543610095977783,-0.061,-0.135,-0.065
1.6571199893951416,-0.115,-0.058, 0.118
1.659836769104004,-0.092, 0.071,-0.180
1.662553310394287,-0.298,-0.104, 0.179
1.665273666381836,-0.046,-0.089, 0.095
1.6679906845092773, 0.206,-0.081,-0.035
1.670708179473877,-0.130, 0.041, 0.163
1.6734225749969482, 0.114,-0.158, 0.019
1.6761455535888672,-0.122, 0.163,-0.111
1.6788856983184814, 0.007,-0.150, 0.179
1.6816670894622803,-0.122,-0.142, 0.072
1.684429407119751, 0.107,-0.058,-0.210
1.6871905326843262,-0.237, 0.231, 0.194
1.6899077892303467, 0.213,-0.028,-0.012
1.6926600933074951,-0.031,-0.120, 0.072
1.6953885555267334, 0.046, 0.247,-0.035
1.6981029510498047, 0.114, 0.209, 0.087
1.700814962387085,-0.084,-0.074, 0.156
1.7035531997680664,-0.153, 0.178, 0.095
1.7062797546386719, 0.068,-0.242,-0.065
1.7090034484863281, 0.084,-0.013, 0.156
1.711723804473877, 0.030,-0.219,-0.203
1.7144415378570557,-0.054, 0.033,-0.088
1.7171611785888672,-0.092,-0.120,-0.012
1.7198784351348877,-0.115, 0.064, 0.041
1.7225937843322754,-0.153,-0.005, 0.003
1.7253174781799316, 0.015,-0.005,-0.004
1.728031873703003,-0.000,-0.058,-0.043
1.7307491302490234, 0.305,-0.097, 0.118
1.7334654331207275,-0.115,-0.036,-0.043
1.7362148761749268,-0.137, 0.086, 0.148
1.7389321327209473,-0.000,-0.036, 0.110
1.741647720336914, 0.015, 0.254, 0.049
1.7443652153015137, 0.076, 0.147, 0.118
1.7471096515655518,-0.305,-0.020, 0.080
1.7498242855072021,-0.122, 0.041,-0.119
1.7525415420532227, 0.053,-0.226, 0.171
1.7552614212036133,-0.122,-0.104, 0.240
1.7579820156097412, 0.038, 0.033, 0.133
1.76069974899292, 0.007,-0.142,-0.226
1.7634162902832031,-0.000, 0.140,-0.050
1.7661330699920654,-0.122,-0.043,-0.081
1.7688472270965576, 0.114, 0.270, 0.072
1.7715649604797363,-0.145,-0.066,-0.004
1.7742815017700195, 0.130,-0.089, 0.217
1.7770216464996338,-0.061, 0.048,-0.012
1.7797443866729736, 0.068,-0.036,-0.119
1.782461166381836,-0.015,-0.203,-0.432
1.7851779460906982, 0.053,-0.196,-0.065
1.787928819656372, 0.015,-0.013, 0.026
1.7906465530395508,-0.069, 0.147, 0.156
1.7933661937713623, 0.061, 0.003,-0.050
1.7960894107818604,-0.031,-0.020,-0.111
1.7988061904907227, 0.046,-0.234,-0.187
1.8015236854553223,-0.054,-0.104, 0.080
1.8042395114898682, 0.061,-0.142, 0.148
1.8069636821746826,-0.038,-0.203,-0.187
1.8096797466278076,-0.092, 0.003,-0.149
1.8123970031738281,-0.084, 0.025, 0.064
1.8151178359985352,-0.000,-0.043,-0.035
1.8178346157073975, 0.038, 0.071, 0.324
1.8205525875091553,-0.061,-0.058, 0.026
1.8232855796813965,-0.069, 0.270,-0.088
1.8261353969573975,-0.015,-0.013, 0.003
1.828855037689209, 0.084, 0.033,-0.012
1.8315722942352295,-0.221,-0.120, 0.080
1.83428955078125, 0.297, 0.186, 0.034
1.8370096683502197,-0.061,-0.097,-0.035
1.8397269248962402, 0.290, 0.117, 0.141
1.8424432277679443, 0.068,-0.051,-0.218
1.8451628684997559,-0.107, 0.071,-0.020
1.8478810787200928, 0.175, 0.239, 0.034
1.8505964279174805, 0.007, 0.025,-0.004
1.853313684463501,-0.191,-0.036,-0.012
1.856034755706787,-0.069, 0.033,-0.149
1.8587510585784912,-0.046,-0.089, 0.354
1.86146879196167,-0.221,-0.165, 0.286
1.8641841411590576, 0.046,-0.089,-0.226
1.866905927658081,-0.023, 0.262, 0.202
1.869621992111206,-0.099,-0.135,-0.180
1.8723390102386475, 0.046,-0.058,-0.081
1.8750591278076172,-0.206,-0.028, 0.163
1.877791166305542,-0.054,-0.158, 0.064
1.8805127143859863,-0.084,-0.066,-0.096
1.8832285404205322, 0.046,-0.150, 0.347
1.8859522342681885,-0.038,-0.142,-0.142
1.888697862625122,-0.221,-0.058, 0.125
1.8914146423339844, 0.046, 0.155,-0.035
1.8941314220428467,-0.130,-0.150,-0.020
1.8968539237976074, 0.038, 0.086, 0.232
1.8995707035064697,-0.199,-0.150,-0.050
1.902287244796753,-0.374,-0.081, 0.080
1.9050064086914062, 0.046, 0.071,-0.104
1.9077227115631104, 0.061,-0.013, 0.057
1.9104382991790771, 0.137,-0.127,-0.119
1.9131550788879395,-0.076,-0.127, 0.133
1.915877103805542,-0.008,-0.097,-0.020
1.9185919761657715,-0.130,-0.127, 0.049
1.921308994293213,-0.008,-0.097, 0.064
1.9240243434906006, 0.122, 0.079, 0.232
1.926746129989624,-0.290, 1.155,-0.645
1.9294641017913818,-0.824, 5.030,-1.340
1.932180404663086,-6.066, 6.449,-1.240
1.9349040985107422,-7.843, 7.243,-1.515
1.9376204013824463,-5.486, 2.040,-1.858
1.9403388500213623,-0.626, 0.323,-2.865
1.9430556297302246, 0.320,-1.172, 0.621
1.945777416229248, 3.105,-1.714,-0.065
1.9484944343566895, 4.471,-0.623,-0.943
1.951209306716919, 4.753, 2.032,-1.484
1.9539275169372559, 7.042, 1.765,-1.736
1.9566855430603027, 5.318, 4.946,-1.752
1.9594018459320068, 6.477, 0.704,-1.370
1.9621188640594482, 1.411,-0.036,-2.743
1.9648680686950684,-0.076,-1.836,-1.912
1.96759033203125, 2.724,-2.340, 0.125
1.970308542251587, 0.900,-2.324,-0.271
1.973024845123291, 1.983,-1.943,-0.523
1.9757719039916992, 1.457,-2.530,-0.172
1.9785046577453613, 5.173,-2.622, 0.865
1.9812257289886475, 4.783,-4.155,-0.943
1.9839417934417725, 4.234,-2.485,-2.133
1.9866647720336914, 2.083,-1.752,-4.788
1.9894113540649414,-0.122,-2.515,-8.549
1.9921276569366455, 1.419,-1.691,-3.079
1.9948806762695312, 3.563,-2.660,-3.041
1.9976410865783691, 1.793,-2.591,-4.094
2.0005509853363037, 1.747,-2.286,-5.017
2.003319025039673, 0.915,-2.057,-8.137
2.006051540374756, 0.580,-1.836,-17.018
2.0087697505950928,-4.540,-1.928,-34.024
2.0114874839782715,-0.710,-2.553,-38.746
2.014204502105713, 2.899,-2.500,-42.874
2.01692795753479, 1.716,-5.864,-49.069
2.019646406173706, 1.312,-3.209,-56.592
2.022362232208252,-1.999,-2.973,-60.582
2.025087356567383,-9.278, 0.674,-67.990
2.0278024673461914,-4.730,-0.676,-73.964
2.030520439147949, 4.715,-5.697,-73.285
2.033235788345337, 0.221,-4.186,-76.832
2.035956382751465,-0.847,-5.636,-78.641
2.0386734008789062,-2.014,-6.002,-80.487
2.0413877964019775,-1.190,-5.742,-81.563
2.04410457611084,-1.564,-2.508,-79.236
2.0468249320983887,-2.594,-2.317,-76.779
2.04954195022583,-1.702,-2.530,-77.061
2.0522570610046387,-0.137,-0.364,-72.003
2.0549778938293457,-1.106,-4.575,-70.523
2.057694435119629,-2.251,-3.240,-68.349
2.0604100227355957,-2.472,-3.232,-64.389
2.063127040863037,-2.129,-2.668,-55.440
2.0658509731292725, 0.160,-4.064,-41.310
2.0685667991638184,-2.594,-1.485,-35.695
2.071282148361206, 1.259,-1.470,-31.857
2.0740151405334473, 1.777,-1.546,-30.873
2.0769097805023193, 0.961,-1.172,-28.767
2.079633951187134,-0.061,-0.661,-25.296
2.082350015640259,-0.664,-0.478,-21.550
2.0850727558135986,-1.167,-0.188,-15.645
2.087824821472168,-1.175, 0.048,-7.481
2.090542793273926,-1.274, 0.010,-1.080
2.093261480331421,-1.656,-0.219,-0.699
2.0959784984588623,-2.999,-2.172,-1.004
2.0986950397491455,-0.588, 0.697,-2.995
2.1014130115509033, 0.755,-0.448,-4.796
2.1041293144226074,-0.145, 0.498,-3.888
2.1068503856658936,-2.365, 1.002,-10.357
2.1095666885375977,-4.570, 0.140,-25.433
2.1122844219207764,-2.976,-1.104,-41.089
2.1150057315826416,-3.128,-2.691,-57.126
2.1177220344543457,-3.746,-2.736,-72.316
2.1204400062561035,-2.525,-2.538,-85.011
2.123154878616333,-1.511,-5.590,-96.028
2.1258773803710938,-0.206,-7.238,-107.800
2.1285924911499023,-1.503,-7.322,-114.941
2.1313090324401855,-1.908,-6.727,-120.633
2.134026050567627,-0.420,-6.193,-129.033
2.1367461681365967,-1.145,-6.856,-136.510
2.139467239379883,-0.740,-7.551,-144.154
2.1421847343444824,-0.008,-6.345,-151.005
2.1449081897735596,-1.640,-9.244,-155.186
2.147625207901001,-0.572,-7.604,-156.056
2.150343656539917,-1.282,-8.573,-157.155
2.153062105178833,-0.160,-7.497,-154.988
2.15578031539917, 0.831,-8.680,-151.929
2.1584982872009277,-1.251,-7.345,-153.195
2.1612138748168945,-0.343,-6.414,-155.606
2.163928985595703,-1.747,-7.627,-162.587
2.1666769981384277,-5.203,-8.817,-164.189
2.169389009475708,-3.861,-8.252,-162.282
2.172100067138672,-0.214,-11.022,-161.030
2.1753718852996826,-2.289,-8.825,-157.727
2.1782360076904297,-7.683,-6.002,-156.415
2.1809914112091064,-7.279,-7.520,-153.805
2.183737277984619,-3.037,-8.817,-150.845
2.186469078063965,-1.816,-9.046,-145.352
2.189263105392456,-3.922,-7.802,-137.585
2.1920149326324463,-4.410,-6.376,-131.436
2.194763660430908,-0.305,-4.819,-126.004
2.197533130645752,-1.953,-5.605,-121.052
2.2003061771392822, 0.442,-7.474,-113.309
2.203057050704956, 0.862,-4.278,-109.776
2.2058839797973633,-1.328,-1.676,-110.661
2.2086238861083984,-1.358,-3.423,-107.213
2.211376190185547, 2.754,-4.850,-99.965
2.2141003608703613, 3.906,-4.392,-93.739
2.2168102264404297, 1.564,-6.116,-89.825
2.2195050716400146,-3.914,-3.537,-86.293
2.2222018241882324,-7.179,-1.630,-82.005
2.2249202728271484,-8.530,-1.767,-83.745
2.2276175022125244,-7.752,-4.003,-87.681
2.230311870574951,-5.799,-1.561,-89.169
2.2330074310302734,-6.241,-2.683,-93.602
2.2357070446014404,-5.264,-3.339,-94.266
2.2384021282196045,-3.311,-4.003,-93.960
2.241097927093506,-2.274,-4.773,-92.068
2.2437922954559326,-0.427,-4.514,-90.146
2.2464938163757324, 4.410,-4.499,-87.254
2.2491893768310547, 3.662,-5.658,-86.758
2.251884937286377, 3.013,-5.124,-83.630
2.254584312438965, 0.259,-4.400,-83.348
2.257279396057129,-1.892,-4.400,-85.934
2.2599754333496094,-5.127,-3.682,-92.206
2.262669086456299,-1.167,-4.758,-96.959
2.265381336212158, 2.960,-7.047,-103.238
2.2680978775024414, 2.563,-8.306,-107.564
2.27081561088562, 0.648,-6.818,-111.828
2.273533344268799, 0.381,-4.339,-113.095
2.2762503623962402, 0.259,-6.971,-113.995
2.279041051864624,-1.427,-5.552,-113.507
2.281998872756958,-2.358,-5.613,-111.668
2.2847537994384766,-1.923,-6.086,-111.882
2.28747820854187, 4.021,-5.994,-107.350
2.2903456687927246, 2.731,-4.964,-108.060
2.2930734157562256, 3.883,-7.161,-101.033
2.2957682609558105, 8.385,-9.794,-98.057
2.298452854156494, 5.783,-8.634,-90.642
2.3011393547058105, 2.952,-5.506,-83.485
2.303825616836548,-1.038,-3.820,-79.617
2.306511640548706,-2.220,-4.140,-75.726
2.3092033863067627, 1.739,-1.813,-69.600
2.3118908405303955,-0.145,-3.461,-64.702
2.314580202102661,-1.549,-3.019,-59.254
2.317265272140503,-1.457,-2.561,-52.449
2.319972515106201,-2.457,-1.729,-46.185
2.3226711750030518,-0.847,-0.715,-40.257
2.32536244392395,-1.236,-0.173,-35.992
2.328049659729004,-0.771, 0.209,-29.576
2.3307342529296875,-0.687, 0.201,-24.060
2.333420515060425,-0.298, 0.147,-17.583
2.336113691329956, 0.229,-0.120,-14.325
2.3387999534606934,-0.084, 0.231,-8.298
2.341485023498535, 0.068, 0.155,-4.880
2.3441712856292725, 0.091, 0.163,-2.255
2.3468616008758545,-0.160, 0.247,-2.827
2.34954571723938,-0.832, 0.552,-0.416
2.35223126411438,-0.618, 0.514,-0.203
2.354940414428711,-0.214, 0.292,-0.226
2.357628345489502, 0.839,-0.181,-0.523
2.3603148460388184, 1.228,-0.081,-0.218
2.3630011081695557, 1.221,-0.005,-0.592
2.3656857013702393, 0.931,-0.081, 0.957
2.3683688640594482, 0.526,-0.196,-1.599
2.371054172515869, 0.648,-0.196,-1.889
2.3737378120422363, 0.755,-0.264,-2.362
2.3765757083892822, 0.923,-0.371,-3.064
2.3792757987976074, 0.633, 1.589,-4.239
2.381960391998291, 0.274,-0.562,-5.780
2.3846476078033447, 0.152,-0.722,-8.160
2.3873331546783447,-0.092,-0.676,-10.518
2.3901472091674805,-0.168,-1.050,-13.821
2.3928520679473877, 0.755,-1.806,-18.094
2.3955776691436768, 1.106,-2.141,-20.932
2.398297071456909, 1.526,-2.523,-27.241
2.401012659072876, 2.167,-2.858,-32.025
2.4037299156188965, 2.533,-2.973,-35.901
2.406451940536499, 2.785,-3.362,-38.960
2.4091689586639404, 2.548,-3.408,-41.112
2.4118857383728027, 2.502,-3.019,-41.318
2.414604425430298, 3.113,-3.217,-39.479
2.4173247814178467, 2.395,-3.362,-38.037
2.4200401306152344, 2.365,-2.820,-32.796
2.422757387161255, 1.762,-3.263,-28.981
2.4254939556121826, 2.258,-2.912,-26.166
2.4282147884368896, 1.411,-2.500,-18.979
2.430934429168701, 0.450,-1.668,-13.203
2.4336488246917725, 0.748,-0.928,-8.107
2.4363715648651123, 0.763,-0.715,-0.218
2.439089298248291, 0.274, 0.804, 6.534
2.4418046474456787,-3.487, 1.490, 8.731
2.4445223808288574,-4.959, 1.063, 5.641
2.447239875793457,-4.273, 0.506, 5.245
2.4499576091766357, 0.755,-0.936, 4.779
2.4526724815368652, 3.059,-1.767, 5.367
2.4553933143615723, 4.074,-0.333, 7.450
2.4581098556518555, 4.181,-2.172,10.280
2.4608242511749268, 5.249,-1.935,11.104
2.4635415077209473, 2.212,-1.401,14.537
2.466261625289917, 2.365,-1.264,17.368
2.4689762592315674, 2.968, 0.727,21.243
2.4716908931732178,-6.210, 1.773,31.520
2.4744105339050293,-5.379, 4.328,36.121
2.4771413803100586,-4.364, 5.503,38.478
2.4798645973205566,-3.334, 4.069,49.777
2.48258113861084,-5.547, 4.229,58.505
2.4853405952453613, 0.328, 5.160,69.095
2.488058090209961,-0.786, 3.665,75.870
2.490802526473999,-1.236, 5.946,83.576
2.493518114089966,-1.457, 6.129,89.137
2.496239423751831,-2.487, 7.312,95.889
2.4989538192749023,-2.724, 8.387,97.659
2.5016698837280273,-4.334, 8.685,95.317
2.5044119358062744,-5.257, 9.059,91.533
2.507127523422241,-1.564, 5.496,88.664
2.509842872619629, 4.471, 3.062,84.262
2.5125584602355957, 1.411, 3.413,82.485
2.515275239944458,-1.557, 3.222,83.385
2.5179922580718994, 0.648, 3.688,77.960
2.5207064151763916, 2.861, 5.046,78.807
2.523421287536621, 8.316, 2.146,78.456
2.5261459350585938,-2.693, 5.213,82.050
2.5288634300231934,-5.638, 6.655,90.122
2.5315797328948975,-0.488, 6.297,93.692
2.5342936515808105,-0.366, 5.343,95.844
2.5370144844055176, 2.304, 6.434,100.276
2.5397286415100098, 1.716, 6.442,102.390
2.5424444675445557,-2.106, 6.076,101.055
2.5451667308807373,-4.425, 4.359,99.193
2.5478830337524414,-0.153, 2.101,101.566
2.550597667694092, 6.004, 4.283,109.409
2.553311347961426, 5.203, 9.036,118.579
2.556029796600342,-3.143, 5.885,120.822
2.558748960494995,-0.191, 4.046,119.594
2.5614638328552246, 1.022, 7.800,121.608
2.5641798973083496,-5.364, 5.671,121.387
2.566894769668579,-1.572, 5.328,114.002
2.5696115493774414, 0.831, 6.686,107.219
2.572331428527832, 1.747, 5.778,103.946
2.575044631958008, 3.631, 5.755,100.147
2.5777745246887207, 2.754, 5.862,91.098
2.580491781234741, 1.800, 7.495,83.957
2.5832085609436035, 0.313, 4.496,73.467
2.585925817489624,-0.313, 5.366,60.710
2.5886409282684326,-0.900, 3.306,47.084
2.5913891792297363,-0.801, 2.497,36.006
2.594104766845703,-1.846, 1.254,19.939
2.596827507019043,-1.930, 0.643, 6.824
2.599545955657959,-3.617, 0.018,-2.980
2.602264642715454,-5.188, 1.063,-8.648
2.604982376098633,-6.363, 1.452,-3.415
2.6076974868774414,-2.075, 1.605,-3.338
2.6106839179992676,-1.557,-0.646,-5.345
2.6134183406829834,-0.572, 0.132,-6.772
2.6161413192749023,-3.411, 0.575,-7.657
2.6188604831695557,-3.159, 0.613,-9.808
2.6215782165527344,-4.448, 0.682,-11.586
2.624295234680176,-0.984,-0.043,-17.338
2.627018928527832,-1.335,-0.295,-25.700
2.6297359466552734,-1.503,-0.707,-31.384
2.632452964782715,-1.274,-1.127,-40.394
2.635176181793213, 2.182,-2.035,-52.388
2.6378934383392334, 6.874,-2.309,-67.486
2.6406102180480957, 3.990,-5.742,-84.797
2.643325090408325,-0.099,-5.018,-99.179
2.6460461616516113,-0.694,-2.416,-111.058
2.6487643718719482, 1.221,-5.727,-126.927
2.6514806747436523, 2.983,-4.735,-141.652
2.6541974544525146, 1.884,-8.169,-156.529
2.65691876411438, 1.327,-10.473,-168.957
2.6596386432647705, 2.113,-10.351,-176.755
2.662355422973633, 0.114,-8.306,-183.690
2.665076971054077, 2.182,-11.388,-195.859
2.6677939891815186, 5.127,-12.563,-204.083
2.670527219772339,-4.158,-7.306,-209.157
2.6732442378997803,-4.349,-10.099,-219.563
2.6759653091430664,-0.145,-12.548,-225.545
2.6787047386169434,-4.463,-11.731,-226.025
2.6814279556274414,-7.805,-13.746,-231.587
2.6841471195220947, 0.274,-13.532,-236.218
2.68687105178833,-3.082,-12.403,-240.216
2.6895878314971924,-5.509,-11.510,-236.516
2.692340612411499,-0.542,-14.791,-236.241
2.695066213607788, 2.662,-13.349,-243.054
2.6977827548980713,-5.799,-8.214,-242.436
2.7004997730255127, 0.587,-13.219,-232.983
2.703216075897217,-1.518,-10.595,-227.894
2.7059388160705566,-6.668,-10.801,-234.364
2.7086565494537354, 0.770,-11.281,-233.685
2.7113730907440186, 3.258,-13.143,-233.723
2.714090585708618,-0.939,-13.830,-238.263
2.7168126106262207,-6.127,-10.579,-241.780
2.719529867172241,-6.172,-11.968,-242.612
2.7222485542297363, 4.906,-15.912,-239.117
2.7249715328216553, 3.250,-12.044,-242.413
2.7276883125305176,-5.196,-12.555,-243.229
2.7304084300994873,-9.201,-11.480,-248.997
2.733128547668457,-5.409,-11.701,-248.997
2.7358546257019043,-2.762,-11.022,-248.997
2.738571882247925,-2.197,-13.585,-248.692
2.7412893772125244,-3.800,-11.678,-248.089
2.7440054416656494,-2.777,-10.061,-248.837
2.746729850769043,-4.555,-9.855,-248.997
2.7494499683380127,-1.488,-12.838,-248.997
2.7521679401397705, 1.060,-15.081,-248.997
2.7548935413360596, 1.205,-14.882,-248.997
2.757613182067871,-5.829,-13.616,-248.997
2.7603321075439453,-7.668,-13.883,-248.997
2.7630486488342285,-8.164,-15.241,-248.410
2.7657699584960938,-6.279,-16.370,-243.558
2.7684881687164307,-1.976,-20.643,-239.529
2.7712044715881348, 0.336,-23.649,-234.295
2.7739226818084717, 2.456,-24.618,-227.765
2.776674509048462,-0.000,-25.548,-223.012
2.7794084548950195,-2.167,-26.227,-214.413
2.7821288108825684,-2.770,-26.159,-209.416
2.784874677658081,-3.349,-25.899,-198.422
2.7875921726226807,-2.632,-25.373,-191.449
2.7903084754943848,-3.128,-24.762,-182.843
2.7930550575256348,-1.229,-24.022,-171.200
2.795773506164551,-1.091,-23.565,-163.678
2.7984910011291504,-2.335,-20.192,-156.155
2.801208019256592,-1.267,-19.368,-147.687
2.803924322128296,-3.082,-14.722,-140.019
2.806675434112549,-4.395,-13.585,-131.947
2.809393882751465,-4.868,-11.899,-126.835
2.812110662460327,-2.854,-7.261,-118.329
2.814831018447876,-4.578,-3.995,-117.894
2.817548990249634,-2.449,-4.720,-113.431
2.820268154144287, 1.045,-1.050,-110.196
2.822986125946045, 0.198, 0.430,-105.214
2.8257079124450684, 0.847, 2.741,-101.704
2.8284265995025635,-1.862, 1.849,-101.208
2.8311469554901123,-1.518, 4.252,-100.659
2.8338661193847656,-0.176, 5.549,-97.867
2.8365883827209473, 0.686, 6.037,-95.311
2.839304208755493, 1.045, 7.090,-94.357
2.842022180557251, 0.473, 7.083,-92.785
2.8447399139404297, 0.351, 7.388,-96.264
2.8474600315093994, 0.244, 7.495,-98.096
2.850177526473999, 0.320, 7.594,-98.897
2.8528926372528076, 1.358, 7.014,-98.454
2.8556137084960938, 2.411, 7.510,-99.774
2.8583290576934814, 2.655, 6.785,-101.193
2.8610453605651855, 2.159, 6.831,-101.979
2.8637619018554688, 0.877, 6.251,-101.498
2.8664824962615967, 0.076, 6.419,-100.781
2.86919903755188,-0.687, 5.297,-99.423
2.871914863586426,-1.534, 5.038,-96.799
2.8746347427368164,-0.862, 3.176,-92.251
2.87735652923584,-5.440,-2.546,-83.447
2.8801615238189697,-1.328,-2.599,-77.351
2.88293719291687, 2.281,-6.048,-72.743
2.8856685161590576, 1.976,-6.147,-67.624
2.8883864879608154, 0.831,-1.684,-67.181
2.891103744506836,-1.778,-2.210,-67.647
2.8938887119293213,-4.074, 1.185,-66.754
2.896617889404297,-5.028, 1.414,-64.923
2.899334669113159,-1.290, 1.605,-57.759
2.902053117752075, 1.098,-1.905,-55.325
2.904773473739624, 2.518,-2.187,-54.822
2.907491445541382, 3.082,-1.668,-56.302
2.910216808319092, 1.022,-1.142,-58.079
2.9129350185394287,-0.290,-2.492,-57.904
2.915658473968506, 0.023,-3.057,-63.054
2.9183738231658936,-0.786,-2.363,-68.394
2.9210891723632812,-2.915,-3.042,-72.972
2.923807144165039,-1.946,-5.086,-75.093
2.926528215408325, 3.212,-5.285,-75.314
2.9292469024658203, 5.066,-4.896,-82.135
2.931964159011841,-1.129,-3.660,-85.347
2.934682607650757,-2.144,-4.972,-84.805
2.937401294708252, 3.906,-5.620,-81.975
2.940117359161377, 3.540,-5.208,-82.532
2.942835807800293, 0.641,-3.721,-83.020
2.9455575942993164,-3.899,-2.843,-86.232
2.9482736587524414,-6.287,-3.560,-85.225
2.9509899616241455,-0.595,-3.957,-83.531
2.9537055492401123, 4.028,-5.552,-82.898
2.9564266204833984, 5.852,-5.422,-79.274
2.959149122238159, 0.213,-5.880,-82.394
2.9618661403656006,-3.540,-5.925,-82.509
2.9645836353302,-5.783,-4.964,-82.928
2.967298984527588,-4.692,-0.684,-77.672
2.9700162410736084,-1.686, 1.444,-74.887
2.9727330207824707, 0.374,-2.797,-68.379
2.9754505157470703, 0.076,-5.391,-67.212
2.9781711101531982,-0.694,-3.919,-62.115
2.9808881282806396,-0.931,-1.241,-59.079
2.9836061000823975,-2.388,-2.508,-51.770
2.9863216876983643,-0.435,-3.141,-47.284
2.9890384674072266, 2.182,-1.516,-43.164
2.991755723953247,-1.961,-4.186,-38.212
2.994504451751709,-3.731,-1.623,-30.331
2.997222661972046,-2.442,-0.806,-23.594
2.9999382495880127, 3.113,-1.195,-13.333
3.002655267715454, 1.617,-1.745,-5.604
3.0053811073303223,-3.639,-0.371, 2.582
3.0080976486206055,-4.891,-0.226, 7.854
3.0108156204223633,-3.388, 1.788,14.987
3.013530731201172,-4.341, 1.376,21.404
3.0162529945373535,-2.274, 1.650,28.240
3.0189692974090576,-2.022, 2.711,28.362
3.021684169769287,-2.342, 0.987,32.146
3.024423837661743, 0.801, 1.055,30.269
3.027148962020874, 0.503, 1.376,24.593
3.0298726558685303,-0.450, 0.933,21.686
3.032595634460449,-0.267, 0.575,19.306
3.0353195667266846,-0.115, 0.582,17.887
3.0380403995513916, 0.328, 1.048,15.811
3.040759325027466, 0.236,-0.036,13.873
3.043480634689331,-0.290, 0.216,11.119
3.046205759048462, 0.519, 0.155, 8.129
3.0489256381988525, 0.336,-0.013, 5.939
3.051647424697876, 0.007, 0.117, 4.154
3.05436635017395,-0.443, 0.544, 4.131
3.0571327209472656, 0.068, 0.758, 4.337
3.059854745864868,-0.191, 0.552, 6.008
3.062574625015259,-0.015, 0.628, 8.731
3.0653226375579834, 0.847, 1.002,11.905
3.0680429935455322, 0.259, 0.827,15.308
3.0707643032073975,-0.717, 1.063,17.070
3.0734853744506836,-0.336, 1.300,22.350
3.0762100219726562,-0.412, 1.513,25.707
3.078933000564575,-0.389, 1.712,26.874
3.0816519260406494,-0.740, 1.620,30.300
3.0843958854675293,-0.221, 1.742,35.480
3.087120294570923,-0.771, 1.414,39.470
3.0898399353027344,-0.130, 1.795,43.773
3.092562675476074,-0.214, 3.581,46.474
3.095348358154297, 0.984, 2.062,52.547
3.0980706214904785, 1.152, 1.971,57.155
3.1007909774780273, 0.145, 2.162,60.413
3.1035115718841553, 0.458, 2.406,66.608
3.1062378883361816, 0.526, 2.581,70.819
3.1089587211608887,-1.183, 1.513,74.314
3.111680030822754, 1.076, 0.819,84.766
3.114419460296631, 4.799, 2.352,92.113
3.117137908935547, 4.989, 2.650,102.077
3.1198570728302, 1.945, 3.062,109.943
3.122579574584961, 5.104, 1.803,116.451
3.125321865081787, 4.036, 4.122,125.263
3.1280431747436523, 0.175, 4.084,134.670
3.130763530731201, 2.510, 4.458,146.221
3.133481025695801, 3.898, 3.710,158.855
3.1362032890319824, 4.944, 4.199,167.987
3.1389222145080566, 7.217, 5.175,178.905
3.141641139984131, 6.775, 5.801,192.836
3.1443588733673096, 2.998, 5.122,206.043
3.147101879119873, 2.662, 7.136,215.793
3.14982008934021, 1.503, 8.532,222.522
3.1525397300720215, 3.753, 7.731,229.511
3.1552622318267822, 2.098,11.523,233.219
3.1579833030700684,-2.457,15.048,238.460
3.160703182220459, 1.938,16.909,240.817
3.163421630859375, 2.922,19.892,240.367
3.1661415100097656,-3.594,18.771,235.454
3.1688647270202637,-3.868,14.857,231.136
3.171584367752075, 0.694,15.116,222.370
3.1743061542510986,-0.237,10.249,219.516
3.1770262718200684, 2.289,12.042,209.552
3.179748773574829, 1.106,13.514,195.888
3.1824684143066406,-7.469,12.095,177.501
3.1851887702941895,-4.807, 8.227,167.735
3.187908887863159, 4.059, 4.397,162.738
3.190627098083496, 7.637, 3.314,158.283
3.1933462619781494, 6.363, 6.648,159.183
3.1960949897766113, 0.160, 8.227,151.653
3.19881534576416,-2.663, 7.662,141.925
3.2015366554260254,-4.418, 6.404,132.167
3.2042558193206787,-0.504, 4.222,126.613
3.206982135772705, 4.700, 4.946,121.814
3.2096993923187256, 3.975, 4.763,115.474
3.212419033050537, 2.861, 4.275,113.956
3.215144634246826, 0.557, 3.649,107.662
3.217863082885742, 1.839, 3.413,106.159
3.2205824851989746, 4.013, 3.024,104.595
3.2233006954193115, 3.998, 3.550,108.119
3.226025104522705, 1.579, 4.290,109.165
3.2287440299987793, 3.219, 3.627,107.700
3.2314608097076416, 3.296, 5.213,106.777
3.234182119369507, 0.397, 4.718,106.769
3.2369022369384766, 1.213, 4.718,107.967
3.2396225929260254, 1.633, 3.703,107.143
3.242342233657837, 0.763, 5.267,106.456
3.2450671195983887, 0.328, 5.053,101.512
3.2477855682373047, 1.358, 4.595,99.895
3.2505040168762207, 2.327, 4.908,97.316
3.2532222270965576, 2.556, 5.480,96.698
3.255945920944214, 1.770, 5.809,91.640
3.25866436958313,-0.427, 5.404,87.413
3.261385202407837,-1.778, 5.122,84.896
3.264103651046753,-0.343, 5.267,78.479
3.2668299674987793,-0.954, 3.855,70.514
3.2695508003234863,-1.503, 2.307,63.220
3.2722702026367188, 0.336, 2.093,54.569
3.2749946117401123, 1.831, 1.811,48.274
3.2777156829833984, 1.274, 1.521,42.056
3.2804367542266846, 1.297, 1.811,36.464
3.2831573486328125, 1.015, 2.101,31.070
3.2858827114105225, 0.732, 1.849,25.470
3.2886030673980713, 0.282, 1.284,22.075
3.2913222312927246, 0.908, 3.581,15.872
3.2940428256988525, 0.679, 0.949,11.211
3.2967941761016846, 0.778, 0.903, 5.367
3.299514055252075, 0.496, 0.201, 2.666
3.3022348880767822, 0.641,-0.547,-1.515
3.3049569129943848, 1.297,-0.768,-5.360
3.307652711868286, 2.525,-0.470,-5.604
3.310352087020874, 2.029, 1.635,-5.894
3.3130476474761963, 0.831, 1.277,-5.147
3.315868854522705,-0.481, 3.138,-4.788
3.3185856342315674,-3.411, 4.840,-2.865
3.3213024139404297,-5.020, 5.908,-0.012
3.324016809463501,-10.307, 7.014, 1.491
3.326738119125366,-11.192, 8.563, 0.942
3.329455614089966,-9.323, 5.572,-3.377
3.3321704864501953,-4.791, 3.497,-4.643
3.334892749786377,-1.702, 1.864,-3.026
3.3376078605651855,-0.176, 0.880,-5.559
3.340324640274048, 0.213, 0.888,-6.207
3.343041181564331, 0.221, 0.941,-5.101
3.345762252807617,-0.359, 1.277,-8.549
3.3484792709350586,-0.931, 0.727,-9.617
3.3511972427368164,-1.122, 0.727,-11.250
3.353914499282837,-0.260, 0.117,-12.356
3.3566625118255615, 0.259, 0.163,-16.377
3.3593785762786865, 0.892,-1.699,-23.167
3.362095832824707, 2.960,-2.263,-36.160
3.364816665649414, 5.607,-3.278,-49.924
3.3675148487091064, 2.693,-4.384,-70.378
3.370211601257324,-2.236,-5.437,-96.295
3.3729054927825928, 0.908,-9.801,-129.773
3.3756039142608643, 4.631,-13.219,-162.350
3.378300666809082,-0.168,-13.707,-187.703
3.3809967041015625,-3.929,-13.761,-211.979
3.383690595626831,-3.426,-14.928,-231.625
3.386394500732422, 0.854,-16.797,-248.997
3.3890914916992188,-0.916,-17.652,-248.997
3.39178729057312,-2.731,-18.293,-248.997
3.39448618888855, 4.021,-22.199,-248.997
3.3972113132476807, 6.477,-25.991,-248.997
3.3999087810516357,-1.663,-22.619,-248.997
3.402604103088379,-7.080,-23.450,-248.997
3.4053239822387695,-7.050,-24.976,-248.997
3.408020257949829,-4.814,-26.731,-248.997
3.4107160568237305,-0.725,-28.104,-248.997
3.4134128093719482, 0.969,-27.662,-248.997
3.4161159992218018,-4.578,-27.196,-248.997
3.418813943862915,-9.178,-25.907,-248.997
3.421509265899658,-10.208,-24.793,-248.997
3.424213409423828,-5.181,-24.206,-248.997
3.426914691925049,-4.563,-25.335,-248.997
3.4296090602874756,-6.012,-23.565,-248.997
3.432305335998535,-5.486,-21.451,-248.997
3.4350051879882812,-4.677,-19.834,-248.997
3.4377031326293945,-5.837,-17.957,-248.997
3.4403982162475586,-7.561,-17.148,-248.997
3.443094253540039,-6.622,-16.157,-248.997
3.4457950592041016,-3.922,-15.745,-248.997
3.4484896659851074,-5.112,-14.303,-248.997
3.451185703277588,-5.409,-14.592,-248.997
3.4538817405700684,-7.240,-15.760,-248.997
3.4566006660461426,-6.859,-18.850,-248.997
3.4593217372894287,-8.301,-21.558,-248.997
3.4620401859283447,-3.479,-24.511,-248.997
3.4647631645202637,-0.130,-23.778,-248.997
3.4674839973449707,-0.977,-25.998,-248.997
3.4702036380767822,-7.286,-27.814,-248.997
3.4729220867156982,-10.101,-29.546,-248.997
3.4756457805633545,-5.875,-31.888,-248.997
3.478365659713745,-1.274,-33.140,-248.997
3.4811410903930664, 0.068,-33.132,-248.997
3.4839112758636475, 0.648,-30.439,-248.936
3.486675977706909,-1.541,-30.492,-239.758
3.489391565322876,-4.791,-27.952,-235.036
3.492138147354126,-10.048,-24.846,-228.840
3.494879722595215,-4.257,-21.444,-218.007
3.4976325035095215,-0.000,-18.361,-210.225
3.500351667404175, 0.755,-16.874,-205.060
3.503068447113037,-0.679,-10.404,-196.538
3.505791187286377,-4.059,-2.370,-193.608
3.508512020111084,-4.105, 3.215,-187.337
3.5112340450286865,-6.256, 8.502,-181.294
3.5139520168304443,-9.247,18.824,-168.927
3.5166711807250977,-10.575,27.407,-157.605
3.5193934440612793,-7.858,35.845,-143.483
3.5221123695373535, 1.251,41.644,-127.354
3.5248353481292725, 3.792,48.838,-111.386
3.5275540351867676, 2.998,59.657,-99.476
3.5302700996398926, 0.641,68.881,-85.835
3.532984495162964,15.480,17.268,-26.036
3.535705804824829, 8.613,-25.686,-17.346
3.538422107696533,11.703,17.626,-26.684
3.541137933731079,-2.320,14.788,-23.175
3.5438525676727295,-19.020,-12.616,-15.805
3.546574115753174,-11.902, 1.895,-5.215
3.5492889881134033,-1.190, 2.894,-4.078
3.5520055294036865,12.054, 1.506,-0.081
3.554719924926758,11.986, 2.642, 3.566
3.557438373565674, 2.464, 0.628, 2.475
3.56015944480896,-2.289, 1.597, 0.736
3.562875270843506,-4.830,-1.958, 1.964
3.5655932426452637,-5.356,-3.248, 2.834
3.568307876586914,-3.540,-1.615, 1.674
3.5710248947143555, 0.160,-1.432, 0.812
3.5737392902374268,-1.923,-3.797, 2.597
3.5764546394348145,-3.891,-3.774, 1.926
3.5791819095611572,-4.387,-2.912, 2.086
3.5818991661071777,-2.762,-2.118, 6.145
3.5846164226531982,-0.824,-1.661,10.539
3.5873332023620605,-3.914,-0.814, 8.724
3.5900485515594482,-3.967,-1.897, 5.138
3.5927627086639404,-4.532,-2.446, 7.564
3.595477819442749,-4.059, 1.116,12.172
3.5982253551483154, 1.999, 1.033,20.229
3.6009418964385986, 5.684,-2.019,22.243
3.603656768798828, 1.846, 3.405,23.418
3.606377124786377,-1.045, 2.108,25.859
3.6090898513793945,-0.961, 0.125,29.582
3.6118061542510986,-0.405,-0.249,30.734
3.61452317237854, 1.945, 2.360,33.946
3.6172404289245605,-0.534, 1.055,32.733
3.6199557781219482,-0.847, 1.864,29.849
3.6226704120635986, 0.297, 3.581,29.827
3.6253833770751953,-0.946, 0.682,25.539
3.6282236576080322,-2.442, 0.781,24.181
3.6309401988983154, 0.847, 1.383,22.746
3.6336543560028076,-0.076, 1.124,20.023
3.636378049850464,-0.443, 0.460,17.398
3.6390950679779053,-0.015, 0.910,13.515
3.6418113708496094, 0.274, 0.567, 9.090
3.644529104232788, 0.137, 0.224, 5.588
3.6472480297088623,-0.359,-0.074, 4.276
3.6499626636505127, 0.358, 0.018, 0.438
3.6526787281036377, 1.106,-0.066, 0.987
3.6554014682769775, 0.686, 0.056, 1.186
3.6581172943115234,-0.290, 0.064, 1.270
3.6608335971832275,-0.939, 0.178, 2.757
3.6635494232177734,-0.427, 0.102, 0.873
3.666271448135376,-0.038, 0.147, 0.972
3.6689863204956055, 0.137,-0.005, 1.460
3.6717023849487305, 0.145,-0.036, 1.415
3.674424648284912, 0.206,-0.142, 0.842
3.677140951156616, 0.183, 0.094, 1.171
3.679858446121216,-0.336,-0.058, 0.865
3.682572603225708, 0.252,-0.066, 0.728
3.6853299140930176,-0.046,-0.028, 0.583
3.68804669380188, 0.114, 0.056, 0.461
3.690762519836426,-0.290, 0.064, 0.278
3.693479537963867, 0.068,-0.120, 0.560
3.696221113204956, 0.137, 0.102, 0.514
3.6989681720733643, 0.061,-0.028, 0.392
3.701686143875122,-0.076, 0.132, 0.347
3.7044219970703125,-0.023,-0.112, 0.461
3.707139253616333, 0.099, 0.064, 0.400
3.709855079650879,-0.000, 0.125, 0.202
3.7125723361968994, 0.198, 0.209, 0.537
3.7153120040893555,-0.015, 0.048, 0.469
3.718026638031006, 0.030,-0.211, 0.408
3.720743417739868,-0.145,-0.112, 0.240
3.723459243774414, 0.015, 0.163, 0.553
3.726203680038452,-0.130, 0.064, 0.614
3.728919506072998,-0.199,-0.074, 0.514
3.731635093688965, 0.160, 0.117, 0.408
3.7343521118164062, 0.160, 0.071, 0.835
3.737069606781006,-0.084,-0.104, 0.499
3.739786386489868,-0.076, 0.094, 0.560
3.742502212524414, 0.053,-0.043, 0.583
3.7452237606048584,-0.168, 0.018, 0.690
3.7479400634765625, 0.229, 0.132, 0.476
3.7506532669067383, 0.099,-0.043,-0.943
3.7533698081970215, 0.107, 0.140, 0.545
3.7560935020446777,-0.160,-0.089, 0.507
3.7588095664978027, 0.297, 0.003, 0.354
3.761526107788086,-0.092, 0.041, 0.072
3.7642416954040527,-0.122,-0.074, 0.133
3.7669575214385986, 0.007,-0.165, 0.270
3.7696738243103027,-0.076, 0.056, 0.530
3.7723889350891113, 0.030, 0.018, 0.064
3.7751059532165527, 0.198, 0.064,-0.081
3.777824878692627, 0.038, 0.010, 0.080
3.7805418968200684, 0.091,-0.127, 0.186
3.7832577228546143,-0.076, 0.102, 0.278
3.7859740257263184, 0.038, 0.125, 0.446
3.7886886596679688,-0.069,-0.226, 0.019
3.7914042472839355, 0.404,-0.020, 0.186
3.7941205501556396, 0.015,-0.249, 0.064
3.7968356609344482, 0.152, 0.170,-0.020
3.7995800971984863,-0.160,-0.081, 0.232
3.8022966384887695, 0.061,-0.135,-0.012
3.8050174713134766, 0.023, 0.041, 0.087
3.8077340126037598,-0.046, 0.010, 0.270
3.8104498386383057, 0.145,-0.089, 0.003
3.8131651878356934,-0.015,-0.097, 0.072
3.815886974334717, 0.137,-0.150, 0.118
3.8186023235321045,-0.115, 0.147, 0.087
3.8213188648223877,-0.069, 0.102, 0.011
3.82403302192688, 0.374, 0.132, 1.529
3.8267531394958496, 2.884,-0.028, 2.048
3.8294689655303955, 1.892,-0.837, 2.056
3.832184314727783,-0.397,-0.470, 1.216
3.8349058628082275,-1.763, 0.025,-0.035
3.8376216888427734,-2.274,-0.264,-0.279
3.840338945388794,-1.900, 0.125,-0.157
3.8430542945861816, 0.358, 0.193,-0.645
3.845773696899414, 3.242,-0.005, 0.469
3.848489999771118, 0.473,-0.394, 1.186
3.851205348968506,-1.015,-0.867, 1.377
3.8539230823516846,-1.023,-0.470, 1.132
3.8566765785217285,-0.710,-0.089, 0.705
3.8593943119049072,-0.702,-0.127, 0.331
3.862110137939453, 0.511, 0.193, 0.125
3.8648276329040527,-0.145,-0.409, 0.308
3.867546558380127,-0.801,-0.005, 0.675
3.8702638149261475, 0.213, 0.201, 0.415
3.872987747192383, 0.076,-0.173, 0.507
3.875704050064087, 0.358,-0.234, 1.155
3.8784189224243164,-0.794,-0.203, 1.285
3.8811357021331787,-0.076,-0.364, 0.644
3.883852005004883,-0.061, 0.109, 0.858
3.8865742683410645,-0.710,-0.196, 0.606
3.889291524887085,-0.061,-0.219, 0.698
3.8920066356658936,-0.443,-0.219, 0.858
3.8947250843048096,-2.335,-0.432, 2.071
3.8974409103393555,-3.205,-0.623, 1.438
3.9001853466033936,-1.213, 0.323, 2.765
3.902902364730835, 0.671, 0.147, 0.560
3.9056222438812256, 0.099, 0.338, 0.011
3.9083385467529297,-0.046,-0.081, 0.194
3.911052942276001, 1.129, 0.216,-0.126
3.9137678146362305, 1.030, 0.277, 0.026
3.916489362716675, 0.053, 0.514,-0.310
3.9192047119140625,-0.191, 0.720,-0.668
3.921921968460083,-0.054, 0.689,-1.164
3.9246392250061035, 0.267, 0.643,-0.958
3.927358388900757,-0.252, 0.407,-0.981
3.9300732612609863, 2.594, 0.079,-1.553
3.932788372039795, 2.991, 0.033,-1.385
3.935509204864502, 3.143, 0.491,-1.118
3.9382240772247314, 3.548, 0.460,-1.134
3.94093918800354, 3.334, 0.468,-0.813
3.9436538219451904, 5.279, 0.537,-0.493
3.9463768005371094, 3.425, 0.697,-0.027
3.949091672897339, 2.746,-0.005,-0.210
3.9518074989318848,-0.336,-0.776,-3.880
3.954526424407959,-1.572,-0.806,-7.847
3.957246780395508,-1.251, 0.727,-7.146
3.9599649906158447,-2.419, 0.689,-4.300
3.962681531906128,-4.311, 0.018,-3.293
3.9653966426849365,-4.059, 0.170,-3.445
3.9681143760681152,-5.287,-0.799,-4.300
3.9708287715911865,-10.941,-0.303,-5.986
3.973544120788574,-10.323, 2.146,-8.198
3.9762609004974365,-8.270, 0.773,-12.700
3.978977680206299,-9.041,-0.905,-21.939
3.981694221496582,-13.786,-0.379,-26.677
3.9844114780426025,-17.471,-0.715,-35.069
3.987128257751465,-23.720,-1.088,-38.609
3.9898431301116943,-29.770,-2.019,-44.713
3.9925599098205566,-34.668,-2.927,-53.319
3.9952800273895264,-42.389,-2.637,-56.164
3.9979960918426514,-49.378,-0.783,-61.345
4.000739097595215,-56.862,-3.240,-62.314
4.0034544467926025,-62.554,-4.880,-61.665
4.006174564361572,-69.733,-1.546,-58.621
4.008890628814697,-73.250,-1.668,-59.163
4.011606216430664,-77.011,-3.126,-60.284
4.014324188232422,-83.389,-2.645,-60.193
4.0170392990112305,-92.606,-1.333,-57.927
4.019756317138672,-101.433,-0.615,-55.096
4.022473096847534,-111.290,-0.554,-53.853
4.025193929672241,-115.746,-2.851,-61.368
4.027909278869629,-117.439,-0.753,-68.371
4.030623435974121,-115.837,-2.195,-78.587
4.0333404541015625,-115.563, 1.101,-82.440
4.036057233810425,-110.237, 1.536,-89.177
4.038772821426392,-106.545,-3.103,-101.971
4.0414910316467285,-105.477, 0.079,-111.516
4.044205665588379,-99.014, 7.662,-117.100
4.046928405761719,-90.103, 3.535,-124.486
4.049644947052002,-82.817,-2.843,-129.765
4.05236029624939,-83.374,-3.522,-136.716
4.055081605911255,-81.261, 1.841,-137.257
4.057796478271484,-72.121, 6.396,-140.034
4.060513973236084,-66.551,-5.300,-148.022
4.063230276107788,-59.677,-22.535,-153.142
4.065953969955444,-49.057,-35.322,-149.708
4.068670272827148,-33.127,-42.440,-147.694
4.07138466835022,-19.890,-61.094,-151.265
4.07410192489624,-9.964,-84.752,-150.868
4.076824426651001,-0.183,-101.636,-145.627
4.079545021057129,10.269,-100.004,-139.073
4.0824291706085205,18.135,-104.299,-139.310
4.085179328918457,20.439,-117.894,-141.888
4.087900638580322,23.826,-124.410,-142.193
4.090616941452026,26.954,-121.236,-136.876
4.093371152877808,32.127,-112.905,-141.980
4.096099853515625,32.760,-116.445,-145.817
4.098816871643066,35.286,-107.816,-147.236
4.101567506790161,37.559,-106.618,-152.798
4.104285001754761,37.903,-109.289,-156.300
4.1070051193237305,40.047,-116.880,-165.707
4.109728574752808,42.595,-117.421,-160.351
4.1124467849731445,52.643,-100.942,-156.003
4.115170001983643,59.173,-98.760,-159.016
4.117886304855347,61.912,-110.524,-161.320
4.120601177215576,64.201,-123.807,-163.693
4.123318433761597,73.425,-111.982,-146.145
4.1260387897491455,83.710,-90.139,-138.333
4.128755807876587,77.827,-106.160,-141.636
4.131471395492554,76.629,-118.200,-141.263
4.134185791015625,81.245,-110.677,-129.887
4.136902809143066,73.212,-95.334,-119.526
4.1396167278289795,52.551,-71.355,-103.276
4.142332553863525,37.620,-34.170,-83.348
4.1450514793396,29.449,-15.004,-76.306
4.147761583328247,25.932,-16.424,-71.049
4.150489807128906,22.232,-15.424,-62.085
4.1532065868377686,22.713,-9.755,-55.859
4.155930995941162,22.064,-6.620,-53.326
4.1586480140686035,22.819,-8.886,-51.938
4.1613640785217285,20.439,-4.880,-46.803
4.1640784740448,20.737, 5.488,-38.807
4.1668007373809814,15.404, 8.921,-36.091
4.16951847076416,13.954,11.851,-31.582
4.172231912612915,14.145,17.047,-26.951
4.174947023391724,13.977,17.718,-24.701
4.177666187286377,15.556,18.008,-22.557
4.1803810596466064,15.312,18.160,-21.718
4.1830973625183105,19.424,18.206,-21.863
4.1858229637146,19.005,17.893,-23.480
4.188538312911987,21.919,19.236,-25.471
4.191253662109375,21.873,16.581,-27.653
4.193967580795288,21.805,15.765,-28.531
4.196682929992676,22.728,14.262,-32.918
4.19939661026001,23.079,12.660,-39.479
4.202142953872681,23.529,11.950,-43.126
4.20486044883728,23.491,10.760,-44.766
4.207574844360352,23.422,10.905,-45.300
4.210290431976318,23.102, 9.501,-45.140
4.213008642196655,23.216,12.187,-45.064
4.2157299518585205,23.605,13.049,-46.048
4.218445777893066,24.490,12.652,-46.124
4.221160173416138,24.315,11.004,-49.092
4.223875522613525,24.475, 9.707,-49.885
4.22658634185791,23.849, 8.555,-49.679
4.229382514953613,23.468, 9.249,-49.870
4.232100963592529,23.102, 8.433,-50.274
4.234816789627075,21.835, 8.326,-50.786
4.237532615661621,20.309, 8.792,-50.084
4.240246772766113,14.358,14.231,-48.329
4.2429633140563965, 2.479,16.131,-50.961
4.245684862136841, 1.243, 9.928,-52.998
4.248401880264282,-1.145, 8.746,-51.770
4.251118183135986,-1.953, 9.936,-48.977
4.253833293914795, 1.015, 9.707,-44.705
4.25655460357666, 4.753,14.926,-40.196
4.259268045425415, 8.232,15.658,-37.678
4.26198410987854, 9.262,18.908,-31.392
4.264701843261719,12.695,18.885,-30.179
4.267418622970581,12.947,18.649,-25.578
4.270133018493652,12.222,17.810,-23.755
4.272846698760986,10.780,16.429,-22.549
4.275563955307007, 8.270,15.429,-20.505
4.278281211853027, 6.859,13.499,-23.274
4.280996561050415, 4.768,12.126,-24.312
4.283713340759277, 2.556,11.241,-25.509
4.286433696746826,-0.275,10.394,-24.457
4.289150238037109,-0.672, 9.478,-26.562
4.291865587234497,-4.700, 7.884,-31.216
4.294583559036255,-6.188, 6.785,-33.757
4.297302007675171,-7.584, 6.396,-36.618
4.3000171184539795,-8.080, 5.625,-38.823
4.302758693695068,-6.714, 5.480,-38.113
4.305479049682617,-5.242, 6.816,-40.410
4.308194875717163,-4.913, 9.471,-39.639
4.310911178588867,-3.334,12.431,-38.403
4.313625335693359,-0.656,14.590,-37.747
4.316347599029541, 2.281,15.795,-36.778
4.319061517715454, 3.212,16.841,-38.037
4.321777820587158, 5.302,16.474,-35.397
4.324533462524414, 2.930,16.978,-35.199
4.327256917953491, 1.617,12.782,-34.810
4.329974174499512, 0.351,11.279,-34.634
4.33268928527832,-1.381, 9.471,-34.009
4.335411310195923,-2.999, 5.740,-33.230
4.338127851486206,-2.762, 4.466,-31.720
4.340842247009277,-5.593, 4.199,-31.346
4.343559265136719,-4.822, 3.375,-29.866
4.346280097961426,-3.990, 4.092,-27.295
4.348997354507446,-3.533, 4.832,-24.716
4.351714372634888,-1.618, 5.259,-22.488
4.3544323444366455, 0.778, 5.122,-21.252
4.357155799865723, 3.334, 4.443,-20.642
4.359872341156006, 4.959, 5.473,-19.833
4.362588405609131, 5.699, 4.809,-19.642
4.3653130531311035, 5.379, 4.534,-19.902
4.368027687072754, 8.606, 4.206,-20.566
4.370744705200195, 9.933, 4.588,-20.642
4.373459577560425,11.139, 5.465,-21.496
4.376209497451782,12.070, 6.808,-22.069
4.378993034362793,13.130, 7.983,-22.359
4.3817102909088135,17.837, 8.822,-23.282
4.384427785873413,20.332, 9.768,-24.144
4.387147665023804,21.889,10.081,-24.884
4.389864206314087,22.827,10.134,-25.212
4.392580032348633,21.011, 9.196,-25.967
4.3953282833099365,22.598, 8.013,-25.342
4.39804482460022,21.118, 7.113,-24.861
4.400760650634766,19.539, 6.747,-23.640
4.403507232666016,19.470, 5.122,-22.572
4.406224012374878,19.150, 4.321,-21.397
4.40894079208374,18.478, 3.535,-19.162
4.411656379699707,18.249, 3.062,-17.079
4.4143712520599365,17.792, 2.543,-16.186
4.417135953903198,17.418, 2.207,-14.393
4.4198527336120605,17.029, 2.215,-9.663
4.422566890716553,15.251, 1.803,-8.366
4.425312757492065,14.122, 4.512,-4.574
4.428026437759399,12.939, 5.801,-4.635
4.4307427406311035,14.595,10.340,-1.126
4.433459043502808,16.517,15.063, 0.614
4.436174631118774,18.211,20.945, 2.498
4.438890218734741,20.447,26.240, 3.879
4.441603660583496,23.758,33.023, 5.184
4.44431734085083,26.733,41.308, 9.242
4.44703483581543,30.029,52.249,11.379
4.449748516082764,29.831,60.099,15.773
4.4524619579315186,30.685,62.831,20.305
4.455179214477539,29.312,67.736,22.510
4.457893133163452,28.183,68.499,29.704
4.4606053829193115,23.346,67.340,35.404
4.4633190631866455,20.920,64.372,38.883
4.466038465499878,14.107,60.496,44.330
4.468750953674316, 9.765,57.650,48.396
4.471464157104492, 6.996,51.119,53.005
4.474178075790405, 2.991,47.030,53.539
4.476902008056641,-1.503,43.048,55.667
4.47961950302124,-2.686,40.431,51.219
4.4823338985443115,-3.685,39.317,49.617
4.485055208206177,-2.876,36.891,45.162
4.487769365310669,-1.434,38.554,38.860
4.490484952926636, 0.496,39.363,35.617
4.493200302124023, 2.373,40.469,28.827
4.495919227600098, 3.990,41.567,28.179
4.49863338470459, 3.486,41.667,24.562
4.501345872879028, 6.729,42.376,23.876
4.504084587097168, 7.835,43.147,22.510
4.506803035736084, 8.446,44.352,25.783
4.509516477584839, 9.689,45.001,27.271
4.512230634689331,10.483,46.572,29.750
4.514948844909668,11.009,47.869,33.733
4.517663240432739,11.040,48.869,36.250
4.52037501335144,11.497,49.761,40.759
4.523087978363037,11.444,50.410,46.672
4.525807857513428,11.322,51.692,54.958
4.528522253036499,10.742,52.905,60.359
4.531234979629517,10.460,54.110,68.447
4.533946990966797,10.841,55.842,76.145
4.536665439605713,10.124,57.933,85.201
4.539379119873047,11.101,59.062,94.348
4.542092323303223, 8.064,60.641,104.015
4.544809103012085, 6.180,62.846,114.696
4.5475242137908936, 3.937,65.936,125.881
4.550240516662598, 0.046,69.491,132.923
4.552955389022827,-2.228,68.209,137.073
4.555678367614746,-53.162,18.870,134.441
4.558399438858032,-82.947,-31.835,157.009
4.56111741065979,-42.595,-18.728,149.799
4.563833236694336,-52.452,23.974,140.422
4.566549062728882,-39.696,41.651,150.783
4.569264650344849,-29.801,41.567,160.541
4.571980237960815,-63.751, 8.647,169.864
4.574695348739624,-65.308,-7.909,183.147
4.5774126052856445,-57.282,12.812,184.307
4.580127954483032,-66.597,28.628,189.907
4.582844495773315,-66.109,19.412,199.649
4.58556056022644,-72.083, 7.228,207.652
4.588274955749512,-71.037, 4.237,208.438
4.590991020202637,-68.268,10.035,212.810
4.5937111377716064,-71.747,15.071,218.288
4.596788644790649,-75.867,13.796,225.757
4.599631309509277,-75.287,14.689,216.289
4.602440118789673, 0.801,13.003,166.896
4.605189323425293,22.590,17.131,173.587
4.607908010482788,-18.875, 8.586,190.471
4.61062479019165,-14.931, 0.392,197.658
4.61333966255188, 2.106, 9.318,191.677
4.616060018539429, 6.767,14.346,191.821
4.618775844573975,-2.762, 6.236,187.076
4.621492862701416,-3.517, 6.404,188.510
4.624207973480225,-2.213,10.966,198.223
4.626931190490723,-2.686, 9.989,205.661
4.629647254943848,-0.366, 9.356,210.681
4.63236141204834, 5.226,10.302,220.035
4.635080814361572, 1.770,11.988,229.236
4.637795925140381, 0.954,11.996,238.040
4.640511751174927,-2.991,10.844,245.967
4.643228769302368,-8.705,12.042,250.995
4.645943641662598,-14.504,12.370,250.995
4.64866042137146,-22.049, 8.876,250.995
4.651374101638794,-31.639, 4.733,250.995
4.654090642929077,-41.130, 1.834,250.995
4.65681266784668,-52.780, 7.640,250.995
4.659529209136963,-63.271,14.567,250.995
4.662245750427246,-74.188,12.904,250.995
4.664965867996216,-85.877, 6.800,250.995
4.667681694030762,-89.356, 8.364,250.995
4.670398473739624,-97.145, 4.557,250.995
4.673113822937012,-101.807,-3.850,247.806
4.675837516784668,-104.042,-4.270,244.075
4.678553581237793,-109.009, 1.269,247.997
4.681333780288696,-116.364, 5.374,250.995
4.684096097946167,-116.776,-0.341,250.476
4.686827182769775,-102.303,-10.007,245.639
4.689544200897217,-98.602,-1.005,250.629
4.692290544509888,-101.761, 6.594,250.995
4.695030927658081,-96.192,-6.620,250.156
4.6977479457855225,-82.535,-13.105,250.995
4.700463771820068,-78.461,-4.514,250.995
4.703179121017456,-73.906,-2.385,250.995
4.705901145935059,-66.719,-9.939,250.995
4.708624839782715,-54.253,-17.858,250.995
4.711344957351685,-44.853,-16.980,250.995
4.714060544967651,-41.474,-6.505,250.995
4.716782093048096,-39.459,-9.336,250.995
4.719497203826904,-26.673,-23.343,250.995
4.722213506698608,-19.180,-20.925,250.995
4.724934339523315,-16.953,-6.002,250.995
4.7276482582092285,-16.968,-2.393,250.995
4.7303643226623535,-2.297,-24.724,240.985
4.733082056045532, 6.119,-24.396,231.204
4.735804557800293,13.779,-7.055,233.516
4.738519191741943,15.495,-4.148,227.878
4.7412354946136475,18.951,-14.570,220.516
4.743951082229614,22.499,-21.474,207.378
4.746670961380005,29.594,-17.408,197.162
4.7493860721588135,34.530,-3.362,196.880
4.752098321914673,35.950, 7.029,190.143
4.754816770553589,41.000,-13.044,165.187
4.757539749145508,41.221,-21.558,156.993
4.760256290435791,39.673,-3.385,157.634
4.76296854019165,33.607, 8.837,155.109
4.765683650970459,28.732,-1.661,142.482
4.768399953842163,24.345,-15.012,127.361
4.771114110946655,28.503, 0.361,111.125
4.7738261222839355,42.511,20.327,79.883
4.776546478271484,56.923,-0.509,50.418
4.779263734817505,54.313,-15.294,45.474
4.781979560852051,49.812,-3.759,44.177
4.784693241119385,53.146, 1.551,37.403
4.7874062061309814,57.350, 0.949,28.911
4.7901201248168945,57.808, 2.093,27.629
4.792832612991333,51.681, 0.956,21.610
4.795547246932983,45.898,-2.416,23.868
4.798262119293213,46.226,-1.836,30.078
4.800976514816284,52.017, 3.077,32.695
4.803690195083618,48.134, 0.933,39.585
4.8064353466033936,42.076,-0.203,43.300
4.809150218963623,38.284,-2.157,47.321
4.811861991882324,38.650, 2.581,52.066
4.814577341079712,38.093, 3.283,58.483
4.817294359207153,38.032, 0.193,61.145
4.820007801055908,38.093,-3.194,63.350
4.822722911834717,41.069,-3.095,69.179
4.825437068939209,43.602, 3.466,74.306
4.828263759613037,45.494, 0.918,76.213
4.830989837646484,51.681,-3.316,86.917
4.833708047866821,54.016,-0.463,93.501
4.83643102645874,55.794,-1.653,101.825
4.839144706726074,57.831, 2.688,112.087
4.8418591022491455,53.436, 1.826,116.611
4.844578266143799,49.309,-2.050,125.774
4.847295045852661,47.447,-0.356,130.802
4.850010395050049,44.266, 2.810,140.216
4.852722644805908,35.538, 6.518,147.869
4.85544228553772,28.274, 6.411,157.123
4.858158111572266,19.432,-1.699,159.793
4.860873222351074,13.779,-0.211,163.333
4.863586902618408,11.116, 8.029,167.461
4.866305112838745, 6.668, 2.093,163.822
4.869021415710449, 3.403,-2.126,162.151
4.871736526489258, 6.637, 0.010,160.251
4.874451398849487, 6.668, 5.839,158.550
4.877170085906982, 8.179, 6.495,155.597
4.879882335662842,10.254, 4.985,152.194
4.882595777511597,11.757, 3.939,148.883
4.885315656661987,16.952,-0.936,142.612
4.8880298137664795,16.357, 0.186,139.041
4.890742778778076,13.489, 7.907,139.217
4.893455505371094, 9.689, 6.137,135.745
4.896173715591431, 6.668, 3.169,133.762
4.898887395858765, 5.958, 3.169,131.465
4.901601791381836, 7.103, 5.267,135.188
4.904318571090698, 3.540, 5.297,138.790
4.907064199447632, 4.333, 4.290,143.443
4.909778833389282, 6.737, 5.717,149.257
4.9124908447265625,12.543, 7.205,154.086
4.915210247039795,17.761, 7.113,159.984
4.917924165725708,24.635, 7.098,165.790
4.920638084411621,26.184,12.553,165.828
4.923351764678955,36.766,16.978,166.561
4.926069736480713,45.669,15.643,163.669
4.92878270149231,53.757, 0.109,156.085
4.931498765945435,26.329,-5.102,148.036
4.934214353561401,-2.228,15.925,147.579
4.936934947967529, 8.697,16.528,147.563
4.939650058746338,-4.875, 0.102,143.375
4.942366600036621,-6.470, 7.441,136.753
4.945085287094116, 2.365,10.348,131.435
4.94781494140625, 4.806, 5.015,131.938
4.950528144836426, 7.561, 5.603,138.896
4.953242778778076,-0.931, 3.802,137.828
4.955964803695679,-3.212, 2.062,140.468
4.958680152893066, 5.501, 8.273,149.478
4.961395025253296,10.048, 7.373,155.666
4.964112043380737,-1.694, 2.787,157.756
4.966827630996704, 1.144, 9.524,166.728
4.969540357589722,13.115,14.590,168.987
4.972254276275635,-2.213, 4.672,171.489
4.974970102310181, 2.876,11.401,173.137
4.977683782577515, 6.141,12.660,175.716
4.98039698600769, 2.380, 7.067,177.776
4.983109712600708, 3.525, 9.165,177.020
4.985824108123779,-0.740, 8.288,179.515
4.98853874206543,12.382, 9.600,180.141
4.991252899169922,-3.800, 5.366,180.942
4.993966102600098,12.619,16.833,185.939
4.9966819286346436,-6.966, 7.540,181.522
4.999395847320557,-8.873,12.286,180.187
5.002111911773682,-1.030,20.335,179.965
