acc_x,acc_y,acc_z,gyr_x,gyr_y,gyr_z
 0.183, 0.103, 0.936, 0.081, 0.029, 0.132
 0.182, 0.102, 0.943, 0.069, 0.039, 0.129
 0.183, 0.098, 0.949, 0.041, 0.062, 0.111
 0.187, 0.092, 0.962, 0.010, 0.078, 0.073
 0.185, 0.082, 0.970,-0.022, 0.082, 0.044
 0.182, 0.076, 0.973,-0.051, 0.085, 0.024
 0.180, 0.082, 0.987,-0.062, 0.083, 0.005
 0.180, 0.082, 0.987,-0.043, 0.083,-0.024
 0.170, 0.064, 0.994,-0.014, 0.072,-0.052
 0.170, 0.064, 0.994, 0.023, 0.059,-0.068
 0.163, 0.070, 0.999, 0.051, 0.056,-0.061
 0.162, 0.096, 0.997, 0.052, 0.051,-0.048
 0.162, 0.096, 0.997, 0.033, 0.052,-0.033
 0.166, 0.102, 1.005,-0.007, 0.038,-0.029
 0.161, 0.121, 1.008,-0.034, 0.019,-0.025
 0.161, 0.121, 1.008,-0.052, 0.019,-0.025
 0.156, 0.126, 0.999,-0.063, 0.011,-0.026
 0.156, 0.132, 0.997,-0.073, 0.004,-0.030
 0.158, 0.136, 1.007,-0.088,-0.004,-0.040
 0.158, 0.136, 1.007,-0.095,-0.030,-0.038
 0.163, 0.139, 1.010,-0.098,-0.038,-0.027
 0.167, 0.146, 1.008,-0.083,-0.041,-0.012
 0.169, 0.152, 0.998,-0.056,-0.040, 0.005
 0.166, 0.151, 0.988,-0.021,-0.045, 0.021
 0.168, 0.147, 0.983, 0.012,-0.036, 0.018
 0.169, 0.137, 0.980, 0.025,-0.031, 0.028
 0.168, 0.131, 0.981, 0.026,-0.026, 0.024
 0.168, 0.131, 0.981, 0.024,-0.038, 0.019
 0.186, 0.114, 0.995, 0.025,-0.097,-0.002
 0.186, 0.114, 0.995, 0.081,-0.276,-0.056
 0.195, 0.116, 1.049, 0.186,-0.396,-0.090
 0.181, 0.123, 1.004, 0.190,-0.403,-0.065
 0.181, 0.123, 1.004, 0.142,-0.371,-0.019
 0.192, 0.132, 0.999, 0.109,-0.347,-0.011
 0.203, 0.142, 1.002, 0.087,-0.319,-0.017
 0.208, 0.111, 1.009, 0.103,-0.304,-0.054
 0.208, 0.111, 1.009, 0.130,-0.332,-0.082
 0.207, 0.101, 1.018, 0.144,-0.318,-0.063
 0.191, 0.115, 0.988, 0.146,-0.286,-0.064
 0.191, 0.115, 0.988, 0.130,-0.284,-0.058
 0.194, 0.113, 0.990, 0.112,-0.296,-0.046
 0.211, 0.117, 0.997, 0.113,-0.315,-0.051
 0.232, 0.122, 1.005, 0.146,-0.316,-0.111
 0.245, 0.106, 1.009, 0.152,-0.374,-0.183
 0.260, 0.092, 1.045, 0.142,-0.443,-0.236
 0.277, 0.104, 1.083, 0.107,-0.761,-0.291
 0.277, 0.104, 1.083, 0.043,-1.055,-0.316
 0.320, 0.096, 1.190,-0.008,-1.221,-0.339
 0.282, 0.107, 1.046,-0.077,-1.152,-0.335
 0.282, 0.107, 1.046,-0.134,-0.948,-0.292
 0.235, 0.153, 0.892,-0.128,-0.932,-0.293
 0.224, 0.158, 0.878,-0.142,-0.989,-0.272
 0.257, 0.160, 0.908,-0.170,-1.133,-0.222
 0.266, 0.168, 0.900,-0.306,-1.918,-0.111
 0.295, 0.135, 0.944,-0.444,-2.442, 0.054
 0.365, 0.050, 0.986,-0.360,-2.058, 0.167
 0.331, 0.165, 0.818,-0.252,-1.494, 0.175
 0.316, 0.173, 0.785,-0.269,-1.414, 0.211
 0.331, 0.101, 0.861,-0.471,-1.924, 0.298
 0.293, 0.139, 0.993,-0.512,-2.087, 0.239
 0.322, 0.149, 0.966,-0.072,-1.107, 0.201
 0.399, 0.146, 0.820, 0.145,-0.381, 0.176
 0.399, 0.146, 0.820, 0.069,-0.531, 0.192
 0.396, 0.154, 0.962, 0.044,-0.699, 0.244
 0.396, 0.154, 0.962, 0.106,-0.630, 0.243
 0.390, 0.182, 0.909, 0.147,-0.674, 0.235
 0.388, 0.168, 0.886, 0.185,-0.818, 0.244
 0.396, 0.155, 0.928, 0.217,-0.984, 0.253
 0.415, 0.151, 0.944, 0.233,-1.101, 0.252
 0.438, 0.145, 0.948, 0.255,-1.201, 0.262
 0.460, 0.136, 0.944, 0.300,-1.366, 0.265
 0.477, 0.126, 0.958, 0.373,-1.545, 0.263
 0.514, 0.118, 0.963, 0.428,-1.644, 0.283
 0.527, 0.123, 0.895, 0.441,-1.648, 0.294
 0.546, 0.119, 0.841, 0.423,-1.625, 0.297
 0.558, 0.125, 0.809, 0.365,-1.616, 0.308
 0.555, 0.136, 0.786, 0.296,-1.594, 0.320
 0.553, 0.150, 0.778, 0.236,-1.604, 0.326
 0.553, 0.150, 0.778, 0.184,-1.653, 0.324
 0.560, 0.171, 0.788, 0.117,-1.704, 0.317
 0.595, 0.189, 0.790, 0.046,-1.698, 0.277
 0.595, 0.189, 0.790,-0.018,-1.589, 0.214
 0.625, 0.181, 0.755,-0.069,-1.408, 0.147
 0.644, 0.174, 0.712,-0.086,-1.215, 0.093
 0.657, 0.164, 0.686,-0.054,-1.068, 0.051
 0.664, 0.154, 0.695,-0.002,-0.958, 0.039
 0.662, 0.143, 0.704, 0.060,-0.890, 0.046
 0.662, 0.141, 0.706, 0.121,-0.858, 0.072
 0.666, 0.131, 0.712, 0.176,-0.880, 0.109
 0.665, 0.126, 0.710, 0.227,-0.998, 0.144
 0.672, 0.123, 0.741, 0.257,-1.147, 0.178
 0.672, 0.123, 0.741, 0.251,-1.305, 0.213
 0.690, 0.123, 0.724, 0.247,-1.438, 0.221
 0.717, 0.111, 0.706, 0.213,-1.503, 0.239
 0.764, 0.100, 0.629, 0.134,-1.518, 0.259
 0.764, 0.100, 0.629, 0.019,-1.542, 0.267
 0.780, 0.116, 0.561,-0.087,-1.590, 0.250
 0.780, 0.116, 0.561,-0.136,-1.625, 0.219
 0.775, 0.133, 0.583,-0.206,-1.733, 0.219
 0.766, 0.148, 0.596,-0.269,-1.864, 0.231
 0.766, 0.148, 0.596,-0.318,-1.963, 0.259
 0.772, 0.145, 0.599,-0.386,-2.041, 0.292
 0.803, 0.126, 0.560,-0.460,-2.127, 0.311
 0.838, 0.117, 0.548,-0.525,-2.163, 0.319
 0.872, 0.101, 0.529,-0.545,-2.138, 0.310
 0.872, 0.101, 0.529,-0.555,-2.033, 0.292
 0.885, 0.088, 0.506,-0.591,-1.904, 0.269
 0.887, 0.088, 0.458,-0.642,-1.795, 0.249
 0.893, 0.092, 0.419,-0.695,-1.754, 0.233
 0.894, 0.097, 0.403,-0.717,-1.730, 0.216
 0.889, 0.106, 0.411,-0.674,-1.717, 0.191
 0.889, 0.099, 0.424,-0.569,-1.784, 0.170
 0.904, 0.068, 0.504,-0.443,-1.891, 0.164
 0.904, 0.062, 0.486,-0.332,-1.969, 0.153
 0.904, 0.062, 0.486,-0.263,-1.967, 0.135
 0.913, 0.059, 0.340,-0.241,-1.883, 0.117
 0.930, 0.052, 0.273,-0.235,-1.754, 0.093
 0.930, 0.052, 0.273,-0.220,-1.631, 0.068
 0.947, 0.042, 0.237,-0.180,-1.580, 0.056
 0.943, 0.039, 0.257,-0.155,-1.621, 0.066
 0.947, 0.042, 0.268,-0.141,-1.733, 0.077
 0.962, 0.036, 0.262,-0.148,-1.846, 0.077
 0.962, 0.036, 0.262,-0.188,-1.964, 0.082
 0.973, 0.039, 0.241,-0.255,-2.063, 0.100
 0.977, 0.045, 0.220,-0.324,-2.137, 0.131
 0.985, 0.043, 0.187,-0.394,-2.146, 0.152
 0.989, 0.038, 0.145,-0.440,-2.136, 0.161
 1.011, 0.030, 0.093,-0.437,-2.104, 0.132
 1.011, 0.030, 0.093,-0.407,-2.057, 0.083
 1.022, 0.024, 0.082,-0.369,-1.964, 0.046
 1.008, 0.024, 0.051,-0.368,-1.818, 0.054
 0.984, 0.034, 0.014,-0.399,-1.669, 0.092
 0.984, 0.034, 0.014,-0.451,-1.543, 0.142
 0.991, 0.038,-0.023,-0.506,-1.457, 0.190
 0.991, 0.038,-0.023,-0.558,-1.462, 0.224
 0.995, 0.037,-0.004,-0.588,-1.561, 0.252
 0.995, 0.037,-0.004,-0.586,-1.720, 0.266
 0.997, 0.030, 0.001,-0.561,-1.864, 0.273
 0.991, 0.020,-0.015,-0.531,-1.939, 0.273
 0.971, 0.020,-0.060,-0.485,-1.929, 0.271
 0.961, 0.010,-0.114,-0.417,-1.834, 0.275
 0.960,-0.009,-0.149,-0.338,-1.677, 0.259
 0.958,-0.024,-0.203,-0.272,-1.480, 0.234
 0.961,-0.030,-0.226,-0.230,-1.300, 0.190
 0.961,-0.030,-0.226,-0.215,-1.196, 0.142
 0.973,-0.026,-0.222,-0.242,-1.197, 0.110
 1.002, 0.007,-0.173,-0.309,-1.297, 0.101
 1.002, 0.007,-0.173,-0.410,-1.449, 0.079
 0.992, 0.030,-0.167,-0.528,-1.645, 0.058
 0.977, 0.053,-0.187,-0.625,-1.850, 0.045
 0.958, 0.071,-0.197,-0.675,-1.992, 0.030
 0.930, 0.013,-0.280,-0.685,-2.046, 0.038
 0.927,-0.013,-0.322,-0.651,-2.028, 0.036
 0.921,-0.028,-0.342,-0.582,-2.033, 0.010
 0.921,-0.028,-0.342,-0.474,-2.070,-0.024
 0.917,-0.029,-0.316,-0.299,-1.857,-0.028
 0.929,-0.050,-0.357,-0.069,-1.239,-0.052
 0.929,-0.050,-0.357, 0.105,-0.524,-0.083
 0.972,-0.073,-0.412, 0.204,-0.116,-0.105
 0.945,-0.009,-0.372, 0.227,-0.218,-0.147
 0.922, 0.027,-0.280, 0.220,-0.648,-0.174
 0.916, 0.044,-0.265, 0.194,-1.105,-0.176
 0.916, 0.044,-0.265, 0.169,-1.494,-0.147
 0.903, 0.048,-0.293, 0.141,-1.771,-0.111
 0.916, 0.033,-0.361, 0.106,-1.997,-0.133
 0.916, 0.033,-0.361, 0.049,-2.218,-0.099
 0.937, 0.036,-0.382, 0.051,-2.292,-0.061
 0.899, 0.039,-0.425, 0.085,-2.218,-0.029
 0.899, 0.039,-0.425, 0.128,-2.070, 0.008
 0.886, 0.043,-0.458, 0.152,-1.928, 0.036
 0.875, 0.056,-0.523, 0.163,-1.831, 0.032
 0.875, 0.056,-0.523, 0.183,-1.793,-0.010
 0.879, 0.043,-0.529, 0.235,-1.775,-0.102
 0.891, 0.026,-0.532, 0.307,-1.824,-0.201
 0.818, 0.038,-0.514, 0.401,-1.882,-0.245
 0.818, 0.038,-0.514, 0.505,-2.026,-0.250
 0.762, 0.050,-0.517, 0.624,-2.250,-0.245
 0.716, 0.039,-0.519, 0.738,-2.422,-0.242
 0.686, 0.016,-0.532, 0.744,-2.223,-0.202
 0.597, 0.014,-0.843, 0.690,-1.872,-0.177
 0.597, 0.014,-0.843, 0.682,-1.552,-0.223
 0.626,-0.007,-0.822, 0.678,-1.341,-0.245
 0.660, 0.010,-0.797, 0.678,-1.208,-0.283
 0.660, 0.010,-0.797, 0.689,-1.062,-0.330
 0.660, 0.002,-0.789, 0.698,-0.949,-0.386
 0.660, 0.002,-0.789, 0.700,-0.857,-0.444
 0.669, 0.004,-0.780, 0.707,-0.728,-0.471
 0.659, 0.011,-0.784, 0.698,-0.588,-0.517
 0.616,-0.002,-0.753, 0.664,-0.602,-0.629
 0.599,-0.020,-0.730, 0.625,-0.700,-0.761
 0.599,-0.020,-0.730, 0.544,-0.726,-0.857
 0.598,-0.056,-0.814, 0.464,-0.672,-0.934
 0.619,-0.071,-0.836, 0.408,-0.573,-0.962
 0.614,-0.058,-0.846, 0.298,-0.451,-0.958
 0.614,-0.058,-0.846, 0.097,-0.462,-0.752
 0.700,-0.000,-0.799,-0.003,-0.469,-0.547
 0.700,-0.000,-0.799,-0.065,-0.503,-0.449
 0.625, 0.064,-0.832,-0.176,-0.354,-0.278
 0.625, 0.064,-0.832,-0.299, 0.060,-0.169
 0.582, 0.062,-0.911,-0.443, 0.596,-0.194
 0.566, 0.028,-0.964,-0.500, 1.130,-0.373
 0.563,-0.070,-0.954,-0.447, 1.458,-0.632
 0.563,-0.070,-0.954,-0.394, 1.443,-0.924
 0.614,-0.168,-0.708,-0.467, 1.165,-1.154
 0.623,-0.164,-0.559,-0.712, 0.811,-1.273
 0.623,-0.164,-0.559,-0.929, 0.508,-1.265
 0.644,-0.147,-0.493,-1.009, 0.417,-1.109
 0.661,-0.082,-0.544,-0.844, 0.287,-0.806
 0.678, 0.134,-0.713,-0.477, 0.054,-0.477
 0.695, 0.194,-0.765,-0.248,-0.076,-0.181
 0.716, 0.152,-0.714,-0.138,-0.243, 0.116
 0.716, 0.152,-0.714,-0.166,-0.203, 0.253
 0.658, 0.161,-0.701,-0.164,-0.207, 0.215
 0.575, 0.115,-0.635,-0.245,-0.221, 0.005
 0.517, 0.084,-0.639,-0.424,-0.102,-0.329
 0.537, 0.079,-0.673,-0.536,-0.021,-0.642
 0.612, 0.089,-0.735,-0.544, 0.041,-0.848
 0.612, 0.089,-0.735,-0.515, 0.024,-0.830
 0.687, 0.128,-0.804,-0.407,-0.059,-0.613
 0.798, 0.257,-0.809,-0.257,-0.139,-0.398
 0.798, 0.257,-0.809,-0.104,-0.168,-0.248
 0.774, 0.286,-0.832, 0.000,-0.196,-0.140
 0.734, 0.264,-0.822, 0.026,-0.225,-0.097
 0.699, 0.190,-0.766,-0.021,-0.254,-0.130
 0.699, 0.190,-0.766,-0.107,-0.287,-0.225
 0.655, 0.160,-0.704,-0.207,-0.306,-0.343
 0.578, 0.157,-0.660,-0.293,-0.265,-0.430
 0.597, 0.147,-0.669,-0.331,-0.286,-0.467
 0.627, 0.155,-0.686,-0.355,-0.345,-0.454
 0.641, 0.177,-0.720,-0.383,-0.423,-0.391
 0.660, 0.187,-0.734,-0.411,-0.499,-0.304
 0.665, 0.193,-0.725,-0.456,-0.622,-0.206
 0.665, 0.193,-0.725,-0.482,-0.817,-0.097
 0.682, 0.240,-0.674,-0.450,-1.013, 0.048
 0.682, 0.286,-0.679,-0.396,-1.221, 0.118
 0.682, 0.286,-0.679,-0.041,-1.015, 0.052
 0.586, 0.311,-0.731, 0.377,-1.060, 0.155
 0.502, 0.359,-0.906, 0.510,-1.153, 0.313
 0.538, 0.319,-0.806, 0.411,-1.283, 0.404
 0.554, 0.201,-0.710, 0.285,-1.441, 0.464
 0.517, 0.197,-0.729, 0.233,-1.680, 0.471
 0.480, 0.176,-0.675, 0.176,-2.070, 0.472
 0.480, 0.176,-0.675, 0.108,-2.384, 0.439
 0.492, 0.130,-0.631, 0.203,-2.600, 0.398
 0.506, 0.170,-0.732, 0.416,-2.865, 0.374
 0.479, 0.177,-0.829, 0.554,-3.018, 0.364
 0.479, 0.177,-0.829, 0.715,-2.932, 0.297
 0.435, 0.101,-0.972, 0.786,-2.795, 0.218
 0.316, 0.074,-0.994, 0.809,-2.713, 0.152
 0.307, 0.099,-0.839, 1.100,-3.021, 0.067
 0.307, 0.099,-0.839, 1.110,-3.282, 0.047
 0.288, 0.119,-0.651, 1.000,-3.307, 0.035
 0.227, 0.061,-0.836, 1.031,-3.272,-0.015
 0.199, 0.047,-0.977, 1.441,-3.677,-0.102
 0.210, 0.033,-0.860, 1.735,-3.960, 0.056
 0.056, 0.134,-0.921, 1.735,-3.764, 0.326
 0.056, 0.134,-0.921, 1.434,-2.791, 0.525
-0.053, 0.127,-1.371, 1.069,-1.825, 0.604
 0.016,-0.027,-1.529, 0.779,-1.893, 0.638
 0.016,-0.027,-1.529, 0.484,-2.456, 0.630
 0.005,-0.054,-1.047, 0.278,-2.542, 0.585
 0.005,-0.059,-1.010, 0.239,-2.392, 0.547
-0.016,-0.020,-0.985, 0.256,-2.451, 0.539
-0.010,-0.042,-0.912, 0.249,-2.645, 0.474
-0.010,-0.083,-0.907, 0.242,-2.672, 0.369
-0.050,-0.079,-0.948, 0.261,-2.598, 0.309
-0.110,-0.028,-0.943, 0.247,-2.568, 0.298
-0.154, 0.012,-0.933, 0.196,-2.602, 0.308
-0.154, 0.012,-0.933, 0.113,-2.567, 0.332
-0.231,-0.010,-0.964,-0.002,-2.545, 0.324
-0.231,-0.010,-0.964,-0.137,-2.614, 0.312
-0.281,-0.045,-0.942,-0.213,-2.717, 0.319
-0.352,-0.005,-0.917,-0.259,-2.822, 0.388
-0.352,-0.005,-0.917,-0.293,-2.920, 0.472
-0.389, 0.036,-0.914,-0.364,-3.007, 0.544
-0.440, 0.038,-0.923,-0.429,-3.043, 0.590
-0.440, 0.038,-0.923,-0.485,-3.149, 0.645
-0.456, 0.043,-0.920,-0.497,-3.204, 0.635
-0.454, 0.053,-0.890,-0.482,-3.185, 0.578
-0.435, 0.044,-0.875,-0.450,-3.049, 0.494
-0.432, 0.034,-0.867,-0.384,-2.857, 0.399
-0.432, 0.034,-0.867,-0.347,-2.697, 0.326
-0.494, 0.036,-0.915,-0.415,-2.572, 0.280
-0.532, 0.056,-0.938,-0.530,-2.571, 0.268
-0.562, 0.050,-0.898,-0.633,-2.694, 0.260
-0.562, 0.050,-0.898,-0.759,-3.048, 0.251
-0.589, 0.085,-0.827,-0.838,-3.417, 0.226
-0.605, 0.101,-0.744,-0.826,-3.536, 0.178
-0.605, 0.072,-0.716,-0.731,-3.404, 0.112
-0.617, 0.065,-0.751,-0.627,-3.261, 0.051
-0.655, 0.090,-0.737,-0.510,-3.244, 0.004
-0.679, 0.122,-0.629,-0.412,-3.257,-0.011
-0.692, 0.142,-0.546,-0.329,-3.275,-0.018
-0.724, 0.143,-0.534,-0.249,-3.362,-0.053
-0.771, 0.095,-0.485,-0.186,-3.503,-0.090
-0.806, 0.110,-0.478,-0.159,-3.649,-0.088
-0.806, 0.110,-0.478,-0.136,-3.617,-0.079
-0.837, 0.128,-0.507,-0.144,-3.433,-0.092
-0.857, 0.113,-0.528,-0.168,-3.152,-0.104
-0.857, 0.113,-0.528,-0.177,-2.779,-0.090
-0.878, 0.128,-0.487,-0.120,-2.369,-0.044
-0.959, 0.147,-0.398,-0.081,-2.099, 0.042
-0.959, 0.147,-0.398,-0.056,-2.110, 0.134
-1.007, 0.137,-0.291,-0.031,-2.295, 0.164
-0.985, 0.051,-0.212, 0.020,-2.563, 0.088
-0.967,-0.006,-0.218, 0.039,-2.863,-0.042
-0.967,-0.006,-0.218, 0.037,-3.134,-0.136
-0.958,-0.004,-0.208, 0.023,-3.280,-0.172
-0.974, 0.047,-0.206, 0.053,-3.353,-0.136
-0.982, 0.088,-0.217, 0.052,-3.254,-0.133
-0.986, 0.124,-0.204, 0.017,-3.136,-0.172
-1.016, 0.120,-0.116,-0.002,-3.074,-0.130
-1.044, 0.092,-0.053,-0.010,-2.984,-0.125
-1.061, 0.066,-0.038,-0.032,-2.861,-0.181
-1.047, 0.059,-0.033,-0.074,-2.641,-0.229
-1.047, 0.059,-0.033,-0.071,-2.397,-0.247
-1.002, 0.100, 0.006, 0.004,-2.207,-0.256
-0.985, 0.120, 0.030, 0.108,-2.064,-0.279
-0.985, 0.120, 0.030, 0.188,-1.983,-0.283
-0.974, 0.157, 0.045, 0.174,-2.013,-0.259
-0.986, 0.156, 0.055, 0.096,-2.114,-0.218
-0.986, 0.156, 0.055,-0.010,-2.332,-0.205
-0.998, 0.096, 0.091,-0.124,-2.588,-0.223
-0.998, 0.096, 0.091,-0.248,-2.731,-0.265
-0.979, 0.071, 0.095,-0.326,-2.747,-0.292
-0.938, 0.078, 0.147,-0.182,-2.365,-0.305
-0.938, 0.078, 0.147, 0.174,-1.701,-0.280
-0.962, 0.120, 0.211, 0.409,-1.233,-0.245
-0.985, 0.182, 0.344, 0.461,-1.264,-0.341
-0.902, 0.158, 0.425, 0.438,-1.832,-0.711
-0.553,-0.041, 0.463, 0.226,-2.473,-1.223
-0.553,-0.041, 0.463,-0.116,-2.754,-1.619
-0.791, 0.080, 0.209,-0.175,-2.940,-1.160
-1.410, 0.251, 0.370,-0.058,-2.305,-0.459
-1.235, 0.063, 0.039,-0.117,-1.417,-0.403
-1.084, 0.010, 0.226,-0.061,-1.322,-0.231
-1.084, 0.010, 0.226,-0.074,-1.248,-0.152
-0.984,-0.059, 0.433,-0.058,-1.324,-0.106
-0.956,-0.055, 0.528,-0.042,-1.383,-0.032
-0.956,-0.055, 0.528,-0.064,-1.252, 0.026
-0.963,-0.028, 0.505,-0.077,-0.948, 0.007
-0.885, 0.054, 0.490,-0.070,-0.563,-0.023
-0.885, 0.054, 0.490,-0.094,-0.238, 0.054
-0.907, 0.112, 0.486,-0.126,-0.087, 0.218
-0.927, 0.062, 0.488,-0.097,-0.091, 0.305
-0.916,-0.015, 0.501,-0.013,-0.238, 0.292
-0.936,-0.055, 0.529, 0.099,-0.532, 0.155
-0.936,-0.055, 0.529, 0.236,-0.853,-0.009
-0.924,-0.070, 0.556, 0.353,-1.076,-0.141
-0.862, 0.005, 0.502, 0.408,-1.127,-0.243
-0.817, 0.047, 0.503, 0.417,-1.222,-0.289
-0.817, 0.047, 0.503, 0.333,-1.355,-0.261
-0.824, 0.108, 0.574, 0.206,-1.253,-0.201
-0.799, 0.079, 0.559, 0.103,-1.132,-0.088
-0.799, 0.079, 0.559, 0.038,-0.899, 0.036
-0.775, 0.068, 0.575, 0.012,-0.756, 0.186
-0.778, 0.066, 0.620, 0.012,-0.767, 0.317
-0.788, 0.077, 0.638, 0.025,-0.837, 0.420
-0.788, 0.077, 0.638, 0.083,-0.879, 0.463
-0.789, 0.088, 0.611, 0.171,-0.904, 0.454
-0.836, 0.075, 0.582, 0.266,-0.967, 0.414
-0.836, 0.075, 0.582, 0.367,-1.014, 0.347
-0.831, 0.065, 0.602, 0.459,-1.046, 0.284
-0.827, 0.051, 0.600, 0.576,-1.159, 0.210
-0.838, 0.032, 0.590, 0.701,-1.343, 0.095
-0.854, 0.017, 0.642, 0.854,-1.539,-0.058
-0.854, 0.017, 0.642, 1.041,-1.689,-0.230
-0.856, 0.006, 0.641, 1.210,-1.834,-0.367
-0.819, 0.037, 0.651, 1.349,-1.928,-0.464
-0.819, 0.037, 0.651, 1.498,-1.999,-0.539
-0.777, 0.042, 0.652, 1.643,-1.997,-0.551
-0.732, 0.051, 0.658, 1.783,-2.048,-0.518
-0.721, 0.064, 0.674, 1.903,-2.017,-0.454
-0.669, 0.093, 0.725, 1.986,-1.947,-0.362
-0.669, 0.093, 0.725, 2.009,-1.839,-0.233
-0.612, 0.117, 0.756, 1.951,-1.718,-0.085
-0.612, 0.117, 0.756, 1.839,-1.626, 0.058
-0.584, 0.149, 0.785, 1.670,-1.529, 0.181
-0.561, 0.177, 0.817, 1.431,-1.346, 0.290
-0.550, 0.193, 0.828, 1.130,-1.170, 0.359
-0.550, 0.202, 0.851, 0.771,-0.994, 0.389
-0.547, 0.223, 0.847, 0.362,-0.836, 0.389
-0.538, 0.243, 0.843,-0.044,-0.707, 0.369
-0.531, 0.252, 0.838,-0.409,-0.635, 0.349
-0.531, 0.252, 0.838,-0.682,-0.646, 0.328
-0.543, 0.235, 0.878,-0.869,-0.642, 0.293
-0.540, 0.218, 0.851,-0.973,-0.609, 0.244
-0.540, 0.218, 0.851,-0.981,-0.594, 0.222
-0.528, 0.203, 0.828,-0.931,-0.659, 0.210
-0.512, 0.200, 0.846,-0.849,-0.752, 0.196
-0.508, 0.199, 0.841,-0.778,-0.845, 0.175
-0.508, 0.199, 0.841,-0.716,-0.908, 0.163
-0.511, 0.187, 0.831,-0.664,-0.960, 0.159
-0.519, 0.164, 0.847,-0.624,-1.001, 0.162
-0.519, 0.164, 0.847,-0.583,-0.998, 0.171
-0.504, 0.159, 0.859,-0.530,-0.953, 0.196
-0.484, 0.155, 0.866,-0.476,-0.923, 0.241
-0.451, 0.160, 0.909,-0.433,-0.876, 0.272
-0.432, 0.151, 0.916,-0.405,-0.826, 0.303
-0.432, 0.151, 0.916,-0.398,-0.726, 0.349
-0.420, 0.141, 0.916,-0.410,-0.668, 0.405
-0.414, 0.150, 0.931,-0.432,-0.671, 0.472
-0.414, 0.150, 0.931,-0.450,-0.653, 0.539
-0.412, 0.149, 0.932,-0.440,-0.606, 0.588
-0.391, 0.116, 0.917,-0.381,-0.564, 0.597
-0.391, 0.116, 0.917,-0.283,-0.542, 0.578
-0.375, 0.097, 0.922,-0.170,-0.516, 0.528
-0.354, 0.090, 0.898,-0.063,-0.504, 0.463
-0.354, 0.090, 0.898, 0.030,-0.496, 0.406
-0.335, 0.090, 0.888, 0.102,-0.471, 0.360
-0.338, 0.091, 0.899, 0.112,-0.516, 0.176
-0.448, 0.038, 0.999,-0.258,-0.796,-0.260
-0.448, 0.038, 0.999,-0.730,-0.887,-0.394
-0.471, 0.053, 1.033,-1.093,-0.777,-0.390
-0.397, 0.180, 0.977,-1.308,-0.660,-0.108
-0.198, 0.246, 0.999,-1.278,-0.491, 0.168
-0.235, 0.172, 0.972,-1.139,-0.318, 0.277
-0.302, 0.086, 0.962,-1.034,-0.283, 0.267
-0.302, 0.086, 0.962,-0.972,-0.278, 0.202
-0.352, 0.037, 0.941,-0.904,-0.278, 0.182
-0.352, 0.037, 0.941,-0.795,-0.315, 0.198
-0.289, 0.065, 0.958,-0.678,-0.397, 0.202
-0.288, 0.064, 0.982,-0.597,-0.478, 0.158
-0.288, 0.064, 0.982,-0.510,-0.625, 0.131
-0.260, 0.110, 0.993,-0.395,-0.740, 0.116
-0.277, 0.074, 0.966,-0.341,-0.760, 0.052
-0.309, 0.073, 0.882,-0.297,-0.712,-0.014
-0.309, 0.073, 0.882,-0.250,-0.624,-0.064
-0.305, 0.039, 0.885,-0.228,-0.564,-0.093
-0.279, 0.019, 0.910,-0.186,-0.609,-0.080
-0.239, 0.015, 1.001,-0.150,-0.639,-0.074
-0.239, 0.015, 1.001,-0.067,-0.794,-0.019
-0.229, 0.037, 1.017, 0.003,-0.762, 0.016
-0.218, 0.048, 0.986, 0.030,-0.642, 0.040
-0.223, 0.026, 0.900, 0.030,-0.608, 0.042
-0.238, 0.010, 0.960, 0.006,-0.598, 0.031
-0.238, 0.010, 0.960,-0.030,-0.536, 0.021
-0.217, 0.008, 0.967,-0.062,-0.477,-0.000
-0.217, 0.008, 0.967,-0.099,-0.461,-0.031
-0.205,-0.003, 0.999,-0.157,-0.457,-0.061
-0.212,-0.015, 1.023,-0.196,-0.444,-0.091
-0.212,-0.015, 1.023,-0.180,-0.499,-0.102
-0.173,-0.028, 1.034,-0.172,-0.576,-0.063
-0.173,-0.028, 1.034,-0.188,-0.603, 0.010
-0.162,-0.007, 1.027,-0.202,-0.606, 0.077
-0.152,-0.010, 1.030,-0.208,-0.674, 0.120
-0.149,-0.019, 1.063,-0.188,-0.906, 0.137
-0.133,-0.016, 1.170,-0.098,-1.390, 0.138
-0.108, 0.010, 1.154,-0.181,-1.501, 0.208
-0.108, 0.010, 1.154,-0.264,-1.478, 0.217
-0.117, 0.036, 0.983,-0.310,-1.344, 0.163
-0.103,-0.018, 0.939,-0.336,-1.164, 0.127
-0.102,-0.053, 0.909,-0.330,-1.034, 0.164
-0.097,-0.003, 0.968,-0.289,-0.922, 0.195
-0.097,-0.003, 0.968,-0.245,-0.807, 0.195
-0.073,-0.004, 0.979,-0.206,-0.692, 0.197
-0.073,-0.004, 0.979,-0.167,-0.605, 0.187
-0.063,-0.015, 0.976,-0.137,-0.573, 0.168
-0.052, 0.002, 0.982,-0.111,-0.595, 0.160
-0.052, 0.002, 0.982,-0.083,-0.637, 0.148
-0.044, 0.017, 0.978,-0.069,-0.686, 0.138
-0.042, 0.023, 0.976,-0.080,-0.778, 0.139
-0.057, 0.023, 0.978,-0.104,-0.799, 0.146
-0.031, 0.005, 0.972,-0.034,-0.603, 0.082
 0.010,-0.010, 0.993, 0.024,-0.568, 0.052
 0.010,-0.010, 0.993, 0.080,-0.614, 0.050
 0.010,-0.022, 1.004, 0.114,-0.599, 0.031
 0.010,-0.022, 1.004, 0.109,-0.546, 0.013
 0.020,-0.014, 0.996, 0.120,-0.537, 0.002
 0.020,-0.014, 0.996, 0.138,-0.565,-0.009
 0.028,-0.019, 1.022, 0.157,-0.582,-0.011
 0.028,-0.019, 1.022, 0.180,-0.616, 0.003
 0.035,-0.005, 1.021, 0.195,-0.649, 0.017
 0.027, 0.006, 1.002, 0.176,-0.613, 0.030
 0.024, 0.014, 0.985, 0.141,-0.553, 0.039
 0.024, 0.014, 0.985, 0.103,-0.495, 0.051
 0.032, 0.014, 0.981, 0.079,-0.436, 0.046
 0.063,-0.002, 0.992, 0.077,-0.393, 0.049
 0.064,-0.009, 1.005, 0.088,-0.392, 0.050
 0.068,-0.005, 1.012, 0.097,-0.346, 0.048
 0.068,-0.005, 1.012, 0.107,-0.303, 0.045
 0.076,-0.008, 1.004, 0.119,-0.287, 0.037
 0.084,-0.013, 1.006, 0.134,-0.314, 0.034
 0.099,-0.007, 1.021, 0.151,-0.413, 0.008
 0.095,-0.013, 1.051, 0.161,-0.547,-0.032
 0.095,-0.013, 1.066, 0.138,-0.664,-0.084
 0.104,-0.007, 1.059, 0.110,-0.740,-0.133
 0.104,-0.007, 1.059, 0.102,-0.771,-0.150
 0.111, 0.003, 1.017, 0.114,-0.785,-0.149
 0.118, 0.009, 1.004, 0.099,-0.754,-0.139
 0.121, 0.019, 0.986, 0.064,-0.687,-0.109
 0.121, 0.019, 0.986, 0.050,-0.666,-0.069
 0.138, 0.012, 0.996, 0.075,-0.691,-0.075
 0.138, 0.012, 0.996, 0.163,-0.820,-0.119
 0.173, 0.021, 1.041, 0.237,-0.966,-0.109
 0.185, 0.027, 1.070, 0.264,-1.047,-0.118
 0.166, 0.007, 1.052, 0.249,-1.064,-0.154
 0.177, 0.002, 1.045, 0.230,-1.027,-0.175
 0.192,-0.002, 1.018, 0.215,-0.994,-0.158
 0.189, 0.004, 0.978, 0.203,-1.027,-0.161
 0.194, 0.040, 0.988, 0.199,-1.019,-0.160
 0.194, 0.040, 0.988, 0.195,-1.016,-0.143
 0.192, 0.049, 0.975, 0.164,-0.970,-0.114
 0.200, 0.047, 0.974, 0.111,-0.833,-0.079
 0.223, 0.060, 0.949, 0.043,-0.656,-0.079
 0.248, 0.057, 0.906,-0.016,-0.479,-0.093
 0.276, 0.050, 0.876,-0.051,-0.352,-0.098
 0.276, 0.050, 0.876,-0.036,-0.297,-0.092
 0.278, 0.063, 0.904, 0.016,-0.222,-0.073
 0.277, 0.065, 0.932, 0.064,-0.129,-0.039
 0.276, 0.064, 0.935, 0.108,-0.054, 0.003
 0.271, 0.057, 0.931, 0.112, 0.038, 0.023
 0.260, 0.042, 0.929, 0.082, 0.133, 0.050
 0.256, 0.045, 0.925, 0.063, 0.256, 0.072
 0.269, 0.065, 0.910, 0.037, 0.390, 0.084
 0.276, 0.058, 0.898,-0.005, 0.555, 0.091
 0.276, 0.051, 0.891,-0.044, 0.692, 0.110
 0.276, 0.051, 0.891,-0.051, 0.659, 0.112
 0.264, 0.040, 0.992,-0.028, 0.584, 0.103
 0.267, 0.048, 1.025,-0.003, 0.495, 0.098
 0.267, 0.048, 1.025, 0.037, 0.398, 0.088
 0.258, 0.041, 1.035, 0.072, 0.350, 0.068
 0.262, 0.038, 0.998, 0.084, 0.380, 0.053
 0.262, 0.038, 0.998, 0.074, 0.436, 0.046
 0.255, 0.031, 0.971, 0.038, 0.535, 0.046
 0.228, 0.027, 0.976, 0.006, 0.599, 0.048
 0.220, 0.043, 0.951, 0.017, 0.580, 0.055
 0.189, 0.054, 0.973, 0.025, 0.570, 0.062
 0.190, 0.053, 0.992, 0.031, 0.519, 0.068
 0.190, 0.053, 0.992, 0.051, 0.417, 0.045
 0.215, 0.041, 1.032, 0.095, 0.348, 0.008
 0.215, 0.041, 1.032, 0.146, 0.330,-0.024
 0.224, 0.038, 1.015, 0.183, 0.338,-0.044
 0.221, 0.035, 1.000, 0.206, 0.366,-0.056
 0.214, 0.039, 0.989, 0.232, 0.398,-0.076
 0.210, 0.042, 0.990, 0.273, 0.391,-0.091
 0.205, 0.054, 0.996, 0.361, 0.333,-0.109
 0.170, 0.079, 0.977, 0.402, 0.310,-0.106
 0.170, 0.079, 0.977, 0.456, 0.315,-0.092
 0.152, 0.095, 0.973, 0.521, 0.351,-0.073
 0.150, 0.102, 0.967, 0.592, 0.373,-0.063
 0.149, 0.106, 0.978, 0.668, 0.347,-0.062
 0.149, 0.106, 0.978, 0.754, 0.345,-0.058
 0.146, 0.124, 0.990, 0.832, 0.362,-0.055
 0.146, 0.123, 0.987, 0.889, 0.383,-0.037
 0.146, 0.123, 0.987, 0.919, 0.397,-0.029
 0.139, 0.126, 1.002, 0.944, 0.402,-0.027
 0.139, 0.126, 1.002, 0.952, 0.426,-0.021
 0.123, 0.140, 1.004, 0.938, 0.426,-0.012
 0.123, 0.140, 1.004, 0.917, 0.416,-0.006
 0.108, 0.167, 0.990, 0.881, 0.423,-0.007
 0.104, 0.178, 0.978, 0.835, 0.432,-0.014
 0.104, 0.178, 0.978, 0.783, 0.434,-0.028
 0.114, 0.178, 0.971, 0.739, 0.448,-0.038
 0.114, 0.178, 0.971, 0.695, 0.470,-0.047
 0.116, 0.188, 0.967, 0.653, 0.489,-0.047
 0.116, 0.188, 0.967, 0.628, 0.496,-0.052
 0.105, 0.198, 0.976, 0.616, 0.485,-0.058
 0.094, 0.216, 0.977, 0.616, 0.489,-0.070
 0.099, 0.217, 0.967, 0.634, 0.534,-0.094
 0.099, 0.217, 0.967, 0.668, 0.598,-0.122
 0.107, 0.219, 0.960, 0.716, 0.653,-0.166
 0.107, 0.219, 0.960, 0.775, 0.705,-0.214
 0.109, 0.225, 0.966, 0.836, 0.744,-0.235
 0.074, 0.254, 0.976, 0.925, 0.757,-0.243
 0.039, 0.262, 0.979, 1.019, 0.706,-0.235
 0.021, 0.273, 0.987, 1.083, 0.655,-0.218
 0.003, 0.292, 0.977, 1.117, 0.620,-0.195
 0.003, 0.292, 0.977, 1.146, 0.609,-0.171
-0.004, 0.309, 0.957, 1.168, 0.613,-0.149
-0.004, 0.309, 0.957, 1.193, 0.625,-0.138
-0.002, 0.317, 0.959, 1.226, 0.657,-0.149
 0.010, 0.319, 0.953, 1.262, 0.720,-0.163
 0.022, 0.320, 0.947, 1.320, 0.782,-0.162
 0.010, 0.356, 0.956, 1.387, 0.770,-0.146
-0.008, 0.372, 0.967, 1.458, 0.712,-0.120
-0.008, 0.372, 0.967, 1.499, 0.599,-0.087
-0.048, 0.412, 0.959, 1.506, 0.496,-0.046
-0.066, 0.433, 0.942, 1.492, 0.462, 0.006
-0.066, 0.433, 0.942, 1.465, 0.481, 0.055
-0.079, 0.449, 0.923, 1.445, 0.495, 0.092
-0.076, 0.459, 0.915, 1.438, 0.508, 0.127
-0.073, 0.473, 0.907, 1.447, 0.509, 0.147
-0.067, 0.485, 0.902, 1.491, 0.519, 0.137
-0.053, 0.488, 0.888, 1.553, 0.501, 0.123
-0.053, 0.488, 0.888, 1.616, 0.473, 0.113
-0.061, 0.507, 0.887, 1.677, 0.460, 0.119
-0.078, 0.544, 0.852, 1.700, 0.454, 0.133
-0.078, 0.544, 0.852, 1.713, 0.455, 0.161
-0.112, 0.582, 0.820, 1.710, 0.451, 0.209
-0.121, 0.601, 0.817, 1.705, 0.420, 0.249
-0.123, 0.611, 0.826, 1.700, 0.364, 0.272
-0.123, 0.611, 0.826, 1.665, 0.301, 0.265
-0.120, 0.612, 0.824, 1.630, 0.252, 0.241
-0.113, 0.618, 0.814, 1.599, 0.238, 0.215
-0.095, 0.641, 0.783, 1.593, 0.234, 0.194
-0.088, 0.648, 0.766, 1.611, 0.218, 0.180
-0.088, 0.648, 0.766, 1.654, 0.222, 0.167
-0.087, 0.661, 0.762, 1.699, 0.252, 0.168
-0.088, 0.673, 0.746, 1.751, 0.276, 0.174
-0.087, 0.686, 0.732, 1.796, 0.299, 0.178
-0.083, 0.699, 0.723, 1.844, 0.314, 0.174
-0.085, 0.710, 0.702, 1.857, 0.290, 0.172
-0.085, 0.726, 0.683, 1.820, 0.213, 0.177
-0.115, 0.756, 0.657, 1.790, 0.187, 0.194
-0.119, 0.757, 0.629, 1.789, 0.193, 0.206
-0.119, 0.757, 0.629, 1.802, 0.214, 0.199
-0.113, 0.757, 0.616, 1.798, 0.206, 0.182
-0.100, 0.760, 0.600, 1.751, 0.171, 0.149
-0.085, 0.766, 0.609, 1.663, 0.162, 0.114
-0.069, 0.809, 0.575, 1.551, 0.133, 0.091
-0.069, 0.809, 0.575, 1.437, 0.114, 0.094
-0.071, 0.839, 0.551, 1.383, 0.126, 0.113
-0.076, 0.853, 0.546, 1.377, 0.086, 0.146
-0.096, 0.862, 0.562, 1.392, 0.026, 0.183
-0.097, 0.871, 0.542, 1.420,-0.018, 0.214
-0.087, 0.874, 0.521, 1.447,-0.043, 0.227
-0.087, 0.874, 0.521, 1.459,-0.039, 0.203
-0.080, 0.857, 0.477, 1.472,-0.029, 0.180
-0.080, 0.857, 0.477, 1.470,-0.017, 0.163
-0.082, 0.865, 0.456, 1.498, 0.022, 0.159
-0.086, 0.897, 0.405, 1.566, 0.104, 0.168
-0.086, 0.897, 0.405, 1.618, 0.180, 0.178
-0.078, 0.893, 0.384, 1.648, 0.204, 0.185
-0.097, 0.916, 0.394, 1.655, 0.154, 0.201
-0.097, 0.916, 0.394, 1.639, 0.091, 0.220
-0.103, 0.940, 0.392, 1.624, 0.067, 0.229
-0.083, 0.941, 0.345, 1.617, 0.072, 0.214
-0.083, 0.941, 0.345, 1.628, 0.096, 0.178
-0.063, 0.925, 0.321, 1.646, 0.124, 0.130
-0.051, 0.916, 0.305, 1.681, 0.157, 0.095
-0.058, 0.938, 0.253, 1.710, 0.176, 0.069
-0.058, 0.938, 0.253, 1.720, 0.191, 0.044
-0.062, 0.949, 0.238, 1.716, 0.200, 0.031
-0.081, 0.965, 0.200, 1.708, 0.209, 0.036
-0.081, 0.965, 0.200, 1.700, 0.227, 0.055
-0.070, 0.974, 0.165, 1.700, 0.247, 0.071
-0.070, 0.974, 0.165, 1.698, 0.263, 0.077
-0.057, 0.973, 0.156, 1.683, 0.271, 0.090
-0.045, 0.974, 0.141, 1.655, 0.262, 0.102
-0.034, 0.978, 0.128, 1.624, 0.242, 0.108
-0.020, 0.985, 0.086, 1.616, 0.237, 0.098
-0.023, 0.976, 0.064, 1.633, 0.233, 0.083
-0.032, 0.961, 0.058, 1.664, 0.231, 0.049
-0.047, 0.947, 0.054, 1.711, 0.226, 0.011
-0.060, 0.943, 0.038, 1.758, 0.224,-0.025
-0.066, 0.945, 0.014, 1.811, 0.231,-0.038
-0.064, 0.948,-0.013, 1.866, 0.232,-0.040
-0.060, 0.952,-0.043, 1.906, 0.232,-0.031
-0.055, 0.957,-0.075, 1.948, 0.251,-0.014
-0.055, 0.957,-0.075, 1.977, 0.285, 0.023
-0.056, 0.969,-0.105, 1.988, 0.298, 0.069
-0.066, 0.983,-0.128, 1.992, 0.334, 0.093
-0.068, 0.984,-0.145, 2.012, 0.396, 0.098
-0.060, 0.968,-0.170, 2.069, 0.459, 0.085
-0.050, 0.952,-0.189, 2.156, 0.569, 0.071
-0.035, 0.937,-0.219, 2.207, 0.581, 0.060
-0.021, 0.883,-0.185, 2.314, 0.652, 0.054
-0.016, 0.883,-0.215, 2.300, 0.671, 0.053
-0.031, 0.910,-0.210, 2.213, 0.569, 0.049
-0.031, 0.910,-0.210, 2.099, 0.432, 0.080
-0.073, 0.959,-0.208, 1.947, 0.294, 0.147
-0.073, 0.959,-0.208, 1.790, 0.180, 0.233
-0.072, 0.982,-0.253, 1.667, 0.154, 0.300
-0.049, 0.978,-0.290, 1.535, 0.248, 0.361
-0.010, 0.940,-0.373, 1.362, 0.407, 0.398
-0.010, 0.940,-0.373, 1.116, 0.598, 0.392
 0.013, 0.912,-0.395, 0.845, 0.772, 0.359
 0.036, 0.911,-0.407, 0.637, 0.969, 0.325
 0.055, 0.922,-0.419, 0.587, 1.051, 0.333
 0.068, 0.913,-0.463, 0.709, 0.970, 0.347
 0.055, 0.895,-0.489, 0.967, 0.857, 0.306
-0.010, 0.840,-0.485, 1.270, 0.824, 0.202
-0.010, 0.840,-0.485, 1.523, 0.816, 0.096
-0.014, 0.839,-0.528, 1.693, 0.810, 0.023
-0.014, 0.839,-0.528, 1.798, 0.765, 0.004
 0.031, 0.899,-0.550, 1.858, 0.731, 0.073
 0.068, 0.971,-0.571, 1.880, 0.676, 0.198
 0.064, 1.008,-0.590, 1.886, 0.603, 0.320
 0.040, 1.006,-0.594, 1.890, 0.508, 0.387
 0.026, 0.974,-0.587, 1.912, 0.372, 0.420
 0.011, 0.931,-0.581, 1.976, 0.183, 0.425
 0.032, 0.846,-0.573, 2.077,-0.004, 0.390
 0.032, 0.846,-0.573, 2.189,-0.120, 0.357
 0.067, 0.776,-0.615, 2.299,-0.132, 0.326
 0.084, 0.774,-0.659, 2.398,-0.047, 0.307
 0.084, 0.774,-0.659, 2.485, 0.035, 0.315
 0.083, 0.762,-0.724, 2.583, 0.146, 0.365
 0.083, 0.762,-0.724, 2.677, 0.255, 0.455
 0.078, 0.776,-0.778, 2.749, 0.308, 0.573
 0.078, 0.776,-0.778, 2.788, 0.325, 0.699
 0.077, 0.744,-0.794, 2.795, 0.357, 0.823
 0.079, 0.710,-0.806, 2.775, 0.393, 0.893
 0.088, 0.661,-0.813, 2.744, 0.426, 0.894
 0.077, 0.604,-0.826, 2.708, 0.465, 0.838
 0.077, 0.604,-0.826, 2.697, 0.508, 0.774
 0.062, 0.571,-0.834, 2.712, 0.517, 0.737
 0.062, 0.571,-0.834, 2.739, 0.496, 0.763
 0.060, 0.552,-0.794, 2.757, 0.443, 0.827
 0.060, 0.552,-0.794, 2.754, 0.387, 0.888
 0.079, 0.526,-0.786, 2.749, 0.355, 0.944
 0.094, 0.438,-0.782, 2.755, 0.341, 0.987
 0.094, 0.438,-0.782, 2.787, 0.330, 1.033
 0.117, 0.377,-0.778, 2.834, 0.340, 1.082
 0.123, 0.347,-0.801, 2.896, 0.329, 1.137
 0.123, 0.347,-0.801, 2.951, 0.263, 1.161
 0.138, 0.314,-0.820, 3.001, 0.197, 1.115
 0.160, 0.261,-0.844, 3.057, 0.163, 1.036
 0.179, 0.194,-0.882, 3.093, 0.116, 0.987
 0.188, 0.154,-0.890, 3.108, 0.080, 0.963
 0.193, 0.133,-0.897, 3.120, 0.078, 0.995
 0.193, 0.133,-0.897, 3.131, 0.059, 1.047
 0.196, 0.126,-0.902, 3.142, 0.016, 1.104
 0.205, 0.101,-0.899, 3.149,-0.070, 1.147
 0.198, 0.006,-0.896, 3.150,-0.129, 1.138
 0.198, 0.006,-0.896, 3.121,-0.168, 1.075
 0.198,-0.041,-0.908, 3.104,-0.187, 0.977
 0.204,-0.081,-0.918, 3.115,-0.208, 0.887
 0.197,-0.121,-0.913, 3.151,-0.225, 0.808
 0.207,-0.174,-0.894, 3.175,-0.198, 0.759
 0.226,-0.196,-0.903, 3.169,-0.173, 0.740
 0.226,-0.196,-0.903, 3.131,-0.084, 0.753
 0.242,-0.221,-0.904, 3.055,-0.068, 0.784
 0.252,-0.245,-0.915, 2.978,-0.050, 0.811
 0.257,-0.288,-0.897, 2.900,-0.030, 0.833
 0.236,-0.353,-0.910, 2.846,-0.008, 0.840
 0.236,-0.353,-0.910, 2.810,-0.006, 0.813
 0.233,-0.379,-0.907, 2.803,-0.004, 0.781
 0.205,-0.436,-0.879, 2.827, 0.020, 0.746
 0.205,-0.436,-0.879, 2.849, 0.014, 0.693
 0.186,-0.465,-0.863, 2.877, 0.023, 0.629
 0.159,-0.529,-0.830, 2.874,-0.018, 0.564
 0.159,-0.529,-0.830, 2.823,-0.079, 0.546
 0.165,-0.556,-0.809, 2.754,-0.071, 0.563
 0.173,-0.589,-0.808, 2.653,-0.074, 0.583
 0.184,-0.609,-0.796, 2.560,-0.096, 0.603
 0.184,-0.609,-0.796, 2.488,-0.114, 0.623
 0.183,-0.646,-0.766, 2.416,-0.124, 0.674
 0.189,-0.663,-0.760, 2.349,-0.123, 0.714
 0.201,-0.683,-0.752, 2.277,-0.122, 0.728
 0.200,-0.711,-0.735, 2.233,-0.098, 0.722
 0.200,-0.711,-0.735, 2.215,-0.030, 0.718
 0.190,-0.742,-0.719, 2.213, 0.024, 0.726
 0.171,-0.756,-0.703, 2.200, 0.059, 0.741
 0.154,-0.759,-0.678, 2.156, 0.020, 0.744
 0.151,-0.769,-0.636, 2.099,-0.006, 0.737
 0.151,-0.769,-0.636, 2.043,-0.027, 0.728
 0.140,-0.777,-0.619, 1.998,-0.028, 0.712
 0.125,-0.791,-0.592, 1.975,-0.017, 0.701
 0.091,-0.822,-0.538, 2.006,-0.019, 0.641
 0.069,-0.855,-0.494, 2.110, 0.001, 0.580
 0.046,-0.862,-0.467, 2.262, 0.053, 0.532
 0.046,-0.862,-0.467, 2.422, 0.075, 0.516
 0.029,-0.837,-0.411, 2.567, 0.053, 0.546
 0.022,-0.824,-0.398, 2.659,-0.015, 0.603
 0.029,-0.824,-0.385, 2.700,-0.103, 0.652
 0.029,-0.824,-0.385, 2.690,-0.130, 0.696
 0.039,-0.833,-0.376, 2.553,-0.229, 0.667
 0.051,-0.855,-0.366, 2.372,-0.212, 0.624
 0.048,-0.894,-0.308, 2.275,-0.151, 0.643
 0.050,-0.904,-0.314, 2.215,-0.194, 0.701
 0.071,-0.927,-0.302, 2.179,-0.239, 0.755
 0.066,-0.986,-0.273, 2.169,-0.209, 0.781
 0.046,-1.006,-0.268, 2.174,-0.185, 0.781
 0.046,-1.006,-0.268, 2.163,-0.207, 0.744
-0.013,-1.037,-0.230, 2.150,-0.225, 0.692
-0.013,-1.037,-0.230, 2.182,-0.246, 0.692
-0.025,-1.040,-0.221, 2.239,-0.308, 0.741
-0.028,-1.047,-0.207, 2.293,-0.361, 0.783
-0.028,-1.053,-0.193, 2.297,-0.423, 0.774
-0.026,-1.062,-0.189, 2.209,-0.484, 0.710
-0.036,-1.078,-0.155, 2.101,-0.462, 0.613
-0.080,-1.134,-0.117, 2.007,-0.479, 0.510
-0.080,-1.134,-0.117, 1.902,-0.530, 0.385
-0.084,-1.146,-0.039, 1.816,-0.511, 0.279
-0.084,-1.146,-0.039, 1.754,-0.440, 0.201
-0.079,-1.132,-0.024, 1.727,-0.352, 0.140
-0.042,-1.095,-0.001, 1.779,-0.267, 0.089
-0.034,-1.051, 0.001, 1.861,-0.205,-0.012
-0.048,-0.998, 0.008, 1.925,-0.164,-0.104
-0.053,-0.948, 0.022, 1.962,-0.147,-0.143
-0.053,-0.948, 0.022, 1.941,-0.142,-0.100
-0.056,-0.863, 0.089, 1.881,-0.163,-0.004
-0.083,-0.835, 0.127, 1.802,-0.209, 0.122
-0.083,-0.835, 0.127, 1.690,-0.260, 0.281
-0.083,-0.838, 0.169, 1.585,-0.334, 0.429
-0.083,-0.838, 0.169, 1.530,-0.390, 0.509
-0.056,-0.930, 0.115, 1.520,-0.361, 0.483
-0.056,-0.930, 0.115, 1.532,-0.254, 0.361
-0.045,-1.114, 0.110, 1.530,-0.173, 0.147
-0.068,-1.152, 0.160, 1.491,-0.124,-0.106
-0.068,-1.152, 0.160, 1.432,-0.068,-0.294
-0.099,-1.164, 0.206, 1.396,-0.011,-0.341
-0.104,-1.144, 0.250, 1.336, 0.002,-0.286
-0.103,-1.086, 0.271, 1.244,-0.069,-0.222
-0.121,-1.037, 0.282, 1.138,-0.152,-0.163
-0.126,-1.007, 0.290, 1.048,-0.136,-0.154
-0.107,-0.990, 0.286, 0.979,-0.046,-0.182
-0.075,-1.001, 0.283, 0.827,-0.064,-0.161
-0.020,-0.963, 0.408, 0.769,-0.059,-0.113
-0.037,-0.947, 0.399, 0.901,-0.022,-0.066
-0.051,-0.914, 0.434, 1.025,-0.097,-0.035
-0.051,-0.914, 0.434, 1.170,-0.092,-0.073
-0.056,-0.934, 0.478, 1.349,-0.017,-0.042
-0.080,-0.964, 0.460, 1.503, 0.050, 0.020
-0.039,-0.953, 0.452, 1.560, 0.057, 0.027
-0.039,-0.953, 0.452, 1.628, 0.130,-0.025
-0.035,-0.943, 0.441, 1.774, 0.262,-0.106
-0.052,-0.900, 0.401, 1.893, 0.450,-0.139
-0.073,-0.821, 0.383, 2.026, 0.581,-0.075
-0.077,-0.857, 0.470, 2.226, 0.687,-0.066
-0.077,-0.856, 0.561, 2.479, 0.797,-0.056
-0.077,-0.856, 0.561, 2.744, 0.931, 0.052
-0.111,-0.793, 0.607, 2.757, 0.888, 0.109
-0.151,-0.768, 0.594, 2.409, 0.696, 0.172
-0.189,-0.889, 0.498, 2.064, 0.380, 0.192
-0.187,-0.911, 0.615, 1.791,-0.030, 0.147
-0.161,-0.873, 0.689, 1.653,-0.321, 0.015
-0.161,-0.873, 0.689, 1.633,-0.416,-0.099
-0.138,-0.843, 0.710, 1.690,-0.461,-0.159
-0.083,-0.764, 0.667, 1.701,-0.351,-0.268
-0.083,-0.764, 0.667, 1.681,-0.309,-0.309
-0.106,-0.765, 0.739, 1.710,-0.373,-0.344
-0.106,-0.765, 0.739, 1.792,-0.209,-0.312
-0.142,-0.746, 0.746, 1.991, 0.009,-0.204
-0.183,-0.697, 0.757, 2.240, 0.212,-0.032
-0.230,-0.634, 0.855, 2.420, 0.328, 0.145
-0.230,-0.634, 0.855, 2.526, 0.417, 0.340
-0.220,-0.632, 0.835, 2.499, 0.344, 0.504
-0.220,-0.632, 0.835, 2.369, 0.063, 0.629
-0.156,-0.645, 0.822, 2.158,-0.164, 0.640
 0.033,-0.628, 0.688, 1.892,-0.294, 0.547
 0.033,-0.628, 0.688, 1.626,-0.429, 0.371
 0.089,-0.581, 0.688, 1.378,-0.494, 0.144
 0.057,-0.555, 0.732, 1.200,-0.597,-0.035
 0.057,-0.555, 0.732, 1.158,-0.593,-0.134
 0.017,-0.528, 0.798, 1.211,-0.502,-0.182
-0.001,-0.487, 0.808, 1.309,-0.559,-0.255
-0.074,-0.474, 0.948, 1.470,-0.533,-0.243
-0.074,-0.474, 0.948, 1.628,-0.397,-0.203
-0.079,-0.427, 0.896, 1.704,-0.264,-0.161
-0.083,-0.404, 0.868, 1.716,-0.138,-0.079
-0.096,-0.392, 0.865, 1.635, 0.048, 0.025
-0.082,-0.369, 0.766, 1.463, 0.118, 0.073
-0.082,-0.369, 0.766, 1.250, 0.171, 0.108
-0.080,-0.363, 0.772, 1.018, 0.176, 0.101
-0.089,-0.350, 0.804, 0.782, 0.122, 0.075
-0.089,-0.350, 0.804, 0.623, 0.117, 0.092
-0.103,-0.353, 0.843, 0.534, 0.113, 0.124
-0.091,-0.341, 0.870, 0.491, 0.173, 0.144
-0.081,-0.319, 0.906, 0.490, 0.264, 0.188
-0.081,-0.319, 0.906, 0.509, 0.347, 0.205
-0.060,-0.319, 0.924, 0.491, 0.470, 0.189
-0.050,-0.341, 0.907, 0.455, 0.493, 0.169
-0.072,-0.347, 0.960, 0.482, 0.524, 0.168
-0.072,-0.347, 0.960, 0.533, 0.557, 0.147
-0.069,-0.314, 0.960, 0.581, 0.487, 0.105
-0.091,-0.294, 1.013, 0.623, 0.403, 0.054
-0.091,-0.294, 1.013, 0.647, 0.343, 0.031
-0.105,-0.294, 1.003, 0.658, 0.310,-0.001
-0.112,-0.291, 0.991, 0.662, 0.313,-0.007
-0.111,-0.311, 0.983, 0.693, 0.272,-0.046
-0.114,-0.341, 1.043, 0.763, 0.203,-0.081
-0.114,-0.341, 1.043, 0.890, 0.214,-0.116
-0.133,-0.319, 1.056, 0.953, 0.249,-0.119
-0.152,-0.297, 1.028, 0.972, 0.219,-0.102
-0.172,-0.272, 1.012, 0.968, 0.192,-0.079
-0.183,-0.262, 0.996, 0.945, 0.165,-0.053
-0.190,-0.260, 1.002, 0.927, 0.141,-0.020
-0.190,-0.260, 1.002, 0.931, 0.154, 0.019
-0.187,-0.266, 1.002, 0.940, 0.208, 0.058
-0.139,-0.212, 0.982, 0.931, 0.246, 0.071
-0.121,-0.186, 0.990, 0.900, 0.260, 0.065
-0.121,-0.186, 0.990, 0.856, 0.214, 0.039
-0.108,-0.173, 0.999, 0.805, 0.187, 0.010
-0.097,-0.167, 1.001, 0.750, 0.106,-0.048
-0.084,-0.170, 0.995, 0.735, 0.034,-0.080
-0.097,-0.173, 1.024, 0.750, 0.013,-0.094
-0.121,-0.152, 1.026, 0.751, 0.027,-0.087
-0.151,-0.121, 1.007, 0.730, 0.013,-0.064
-0.151,-0.121, 1.007, 0.702, 0.002,-0.024
-0.179,-0.120, 1.002, 0.685,-0.017, 0.013
-0.179,-0.120, 1.002, 0.665,-0.029, 0.046
-0.189,-0.098, 1.002, 0.647,-0.047, 0.071
-0.189,-0.102, 1.008, 0.616,-0.106, 0.078
-0.189,-0.102, 1.008, 0.595,-0.164, 0.064
-0.149,-0.132, 1.003, 0.559,-0.222,-0.014
-0.116,-0.153, 1.025, 0.533,-0.360,-0.113
-0.100,-0.145, 1.052, 0.543,-0.522,-0.229
-0.100,-0.145, 1.052, 0.560,-0.670,-0.299
-0.112,-0.135, 1.065, 0.589,-0.758,-0.317
-0.156,-0.089, 1.021, 0.579,-0.781,-0.266
-0.156,-0.089, 1.021, 0.565,-0.732,-0.125
-0.185,-0.062, 0.990, 0.526,-0.613, 0.047
-0.190,-0.045, 0.952, 0.474,-0.467, 0.192
-0.110,-0.056, 0.930, 0.429,-0.367, 0.273
-0.110,-0.056, 0.930, 0.419,-0.331, 0.289
-0.030,-0.077, 1.006, 0.465,-0.377, 0.258
-0.030,-0.077, 1.006, 0.533,-0.454, 0.195
-0.013,-0.067, 1.046, 0.614,-0.486, 0.155
-0.010,-0.055, 1.051, 0.651,-0.532, 0.118
-0.012, 0.001, 1.014, 0.642,-0.554, 0.115
-0.012, 0.001, 1.014, 0.605,-0.583, 0.145
-0.029, 0.027, 0.987, 0.550,-0.565, 0.219
-0.075, 0.058, 0.930, 0.483,-0.501, 0.294
-0.075, 0.058, 0.930, 0.386,-0.470, 0.352
-0.080, 0.027, 0.921, 0.314,-0.484, 0.376
-0.065,-0.012, 0.943, 0.256,-0.501, 0.350
-0.045,-0.025, 0.958, 0.222,-0.560, 0.304
-0.010,-0.022, 0.995, 0.190,-0.602, 0.243
 0.009,-0.035, 0.983, 0.164,-0.604, 0.185
 0.009,-0.035, 0.983, 0.144,-0.624, 0.143
 0.023,-0.047, 0.984, 0.153,-0.594, 0.132
 0.034,-0.041, 0.988, 0.167,-0.499, 0.117
 0.059,-0.010, 0.952, 0.172,-0.438, 0.101
 0.059,-0.010, 0.952, 0.166,-0.407, 0.100
 0.059,-0.012, 0.943, 0.146,-0.404, 0.087
 0.062,-0.026, 0.939, 0.119,-0.399, 0.075
 0.062,-0.026, 0.939, 0.081,-0.373, 0.068
 0.090,-0.009, 0.911, 0.028,-0.333, 0.065
 0.090,-0.009, 0.911,-0.031,-0.291, 0.062
 0.121, 0.040, 0.903,-0.093,-0.260, 0.057
 0.113, 0.053, 0.924,-0.150,-0.253, 0.054
 0.113, 0.053, 0.924,-0.196,-0.154, 0.055
 0.100, 0.052, 0.917,-0.090,-0.349, 0.062
 0.086, 0.054, 0.924,-0.065,-0.160, 0.001
 0.102, 0.008, 1.094,-0.048,-0.202,-0.051
 0.086,-0.002, 1.080, 0.023,-0.327,-0.064
 0.068, 0.022, 1.060, 0.079,-0.317,-0.063
 0.039, 0.049, 1.025, 0.119,-0.188,-0.033
 0.041, 0.063, 0.980, 0.109,-0.124, 0.021
 0.034, 0.081, 0.997, 0.083,-0.129, 0.070
 0.034, 0.081, 0.997, 0.082, 0.014, 0.064
 0.070, 0.110, 1.014, 0.156, 0.121, 0.095
 0.104, 0.094, 1.039, 0.271, 0.141, 0.170
 0.109, 0.052, 1.092, 0.306, 0.132, 0.257
 0.057, 0.070, 0.982, 0.235, 0.190, 0.322
 0.057, 0.070, 0.982, 0.086, 0.303, 0.331
 0.056, 0.095, 0.903,-0.134, 0.361, 0.270
 0.081, 0.098, 0.866,-0.377, 0.388, 0.127
 0.124, 0.026, 0.912,-0.594, 0.410,-0.074
 0.121,-0.014, 0.936,-0.767, 0.390,-0.279
 0.121,-0.014, 0.936,-0.864, 0.358,-0.440
 0.088,-0.049, 0.963,-0.901, 0.326,-0.489
-0.043,-0.106, 0.989,-0.843, 0.224,-0.412
-0.043,-0.106, 0.989,-0.610, 0.130,-0.315
-0.086,-0.115, 1.063,-0.346, 0.053,-0.145
-0.050,-0.004, 1.147,-0.143,-0.009,-0.016
-0.050,-0.004, 1.147, 0.087, 0.054,-0.246
-0.002,-0.047, 1.068, 0.102, 0.019,-0.029
 0.015, 0.247, 1.126, 0.251, 0.091, 0.188
 0.015, 0.247, 1.126, 0.488, 0.328, 0.150
 0.024, 0.002, 0.946, 0.535, 0.299, 0.475
 0.041,-0.041, 0.948, 0.520, 0.047, 0.927
 0.052, 0.296, 1.062, 0.504,-0.035, 1.309
 0.016, 0.263, 1.023, 0.481,-0.111, 1.554
 0.016, 0.263, 1.023, 0.102,-0.934, 1.481
-0.025, 0.222, 1.191,-0.142,-0.528, 1.408
 0.023, 0.114, 0.851,-0.240,-0.151, 1.216
 0.023, 0.114, 0.851,-0.446,-0.344, 0.983
 0.091, 0.052, 0.958,-0.610,-0.290, 0.810
 0.169,-0.023, 0.949,-0.688,-0.229, 0.651
 0.169,-0.023, 0.949,-0.673,-0.197, 0.637
 0.109,-0.005, 0.975,-0.577,-0.285, 0.724
 0.109,-0.005, 0.975,-0.454,-0.349, 0.801
 0.060,-0.016, 0.997,-0.263,-0.306, 0.904
 0.060,-0.021, 1.002,-0.064,-0.318, 0.970
 0.060,-0.021, 1.002, 0.156,-0.311, 1.001
 0.049,-0.051, 1.017, 0.365,-0.278, 1.008
 0.052,-0.051, 1.020, 0.557,-0.236, 1.000
 0.052,-0.051, 1.020, 0.724,-0.198, 0.980
 0.049,-0.043, 1.021, 0.859,-0.174, 0.958
 0.045,-0.046, 1.016, 0.954,-0.160, 0.914
 0.076,-0.066, 0.976, 0.992,-0.074, 0.834
 0.076,-0.066, 0.976, 0.976, 0.022, 0.717
 0.116,-0.083, 0.949, 0.899, 0.115, 0.560
 0.129,-0.076, 0.941, 0.783, 0.199, 0.400
 0.129,-0.076, 0.941, 0.652, 0.244, 0.268
 0.118,-0.059, 0.937, 0.535, 0.262, 0.179
 0.075,-0.032, 0.954, 0.450, 0.269, 0.125
 0.075,-0.032, 0.954, 0.418, 0.258, 0.116
 0.061,-0.018, 0.963, 0.440, 0.246, 0.126
 0.052,-0.003, 0.973, 0.487, 0.256, 0.151
 0.045, 0.007, 0.980, 0.561, 0.257, 0.176
 0.045, 0.008, 0.987, 0.650, 0.225, 0.197
 0.047, 0.007, 1.000, 0.734, 0.196, 0.231
 0.033, 0.024, 1.023, 0.804, 0.151, 0.256
 0.023, 0.035, 1.028, 0.845, 0.136, 0.260
 0.018, 0.047, 1.027, 0.841, 0.175, 0.222
 0.018, 0.047, 1.027, 0.804, 0.237, 0.138
-0.022, 0.060, 1.033, 0.754, 0.297, 0.017
-0.022, 0.060, 1.033, 0.707, 0.328,-0.124
-0.026, 0.046, 1.050, 0.670, 0.355,-0.282
-0.019, 0.039, 1.059, 0.633, 0.423,-0.435
-0.003, 0.047, 1.045, 0.594, 0.491,-0.575
 0.020, 0.061, 1.029, 0.545, 0.546,-0.676
 0.023, 0.105, 1.001, 0.509, 0.584,-0.735
-0.002, 0.127, 0.992, 0.493, 0.616,-0.749
-0.026, 0.135, 0.996, 0.524, 0.602,-0.735
-0.049, 0.125, 1.018, 0.586, 0.514,-0.702
-0.049, 0.125, 1.018, 0.660, 0.410,-0.628
-0.034, 0.152, 1.028, 0.752, 0.273,-0.529
-0.034, 0.152, 1.028, 0.844, 0.158,-0.395
-0.045, 0.223, 0.982, 0.923, 0.120,-0.245
-0.045, 0.223, 0.982, 0.987, 0.113,-0.099
-0.051, 0.263, 0.973, 1.026, 0.063, 0.032
-0.054, 0.279, 1.031, 0.986,-0.114, 0.137
-0.054, 0.279, 1.031, 0.847,-0.300, 0.230
-0.048, 0.266, 1.071, 0.698,-0.312, 0.322
-0.041, 0.282, 0.999, 0.564,-0.369, 0.367
-0.026, 0.298, 0.959, 0.418,-0.432, 0.367
-0.016, 0.276, 0.968, 0.287,-0.410, 0.321
-0.016, 0.276, 0.968, 0.183,-0.365, 0.246
 0.007, 0.290, 0.950, 0.110,-0.217, 0.176
 0.032, 0.300, 0.929, 0.083,-0.027, 0.117
 0.032, 0.300, 0.929, 0.103, 0.114, 0.046
 0.049, 0.302, 0.933, 0.166, 0.182,-0.021
 0.050, 0.283, 0.950, 0.243, 0.219,-0.070
 0.039, 0.268, 0.966, 0.320, 0.234,-0.096
 0.025, 0.261, 0.966, 0.372, 0.214,-0.111
 0.010, 0.281, 0.973, 0.369, 0.163,-0.105
 0.010, 0.281, 0.973, 0.278, 0.042,-0.096
 0.007, 0.298, 1.021, 0.110,-0.137,-0.085
 0.007, 0.298, 1.021,-0.086,-0.252,-0.072
-0.002, 0.306, 0.966,-0.274,-0.331,-0.066
-0.000, 0.306, 0.955,-0.435,-0.348,-0.076
 0.013, 0.295, 0.944,-0.552,-0.336,-0.110
 0.011, 0.279, 0.946,-0.628,-0.271,-0.146
 0.014, 0.274, 0.944,-0.645,-0.186,-0.182
 0.024, 0.274, 0.957,-0.616,-0.118,-0.204
 0.024, 0.274, 0.957,-0.553,-0.065,-0.223
 0.029, 0.277, 0.994,-0.465,-0.042,-0.218
 0.029, 0.277, 0.994,-0.373,-0.048,-0.188
 0.016, 0.282, 1.003,-0.295,-0.060,-0.127
-0.012, 0.285, 1.005,-0.239,-0.049,-0.056
-0.013, 0.272, 0.994,-0.191,-0.040,-0.003
-0.010, 0.254, 0.982,-0.148,-0.052, 0.027
-0.001, 0.248, 0.980,-0.105,-0.067, 0.044
-0.001, 0.248, 0.980,-0.070,-0.076, 0.058
 0.001, 0.270, 0.988,-0.042,-0.049, 0.071
 0.017, 0.276, 0.987,-0.017,-0.032, 0.076
 0.025, 0.274, 0.984, 0.004,-0.034, 0.070
 0.025, 0.274, 0.984, 0.004,-0.013, 0.069
 0.033, 0.267, 0.975,-0.004, 0.015, 0.064
 0.055, 0.254, 0.955,-0.019, 0.062, 0.053
 0.055, 0.254, 0.955,-0.030, 0.085, 0.031
 0.046, 0.241, 0.942,-0.052, 0.032, 0.015
 0.025, 0.222, 0.971,-0.071,-0.017, 0.010
 0.024, 0.214, 0.973,-0.079,-0.056, 0.020
 0.032, 0.210, 0.972,-0.048,-0.066, 0.036
 0.032, 0.210, 0.972,-0.001,-0.043, 0.063
 0.043, 0.211, 0.967, 0.055,-0.007, 0.084
 0.067, 0.212, 0.972, 0.104, 0.025, 0.092
 0.067, 0.212, 0.972, 0.142, 0.036, 0.090
 0.067, 0.205, 0.971, 0.163, 0.020, 0.086
 0.044, 0.209, 0.982, 0.157, 0.008, 0.086
 0.023, 0.215, 0.986, 0.137,-0.018, 0.074
 0.023, 0.215, 0.986, 0.103,-0.023, 0.049
 0.005, 0.213, 0.995, 0.076,-0.019, 0.015
 0.014, 0.202, 0.993, 0.065,-0.006,-0.025
 0.025, 0.205, 0.991, 0.057, 0.013,-0.066
 0.025, 0.205, 0.991, 0.045, 0.044,-0.095
 0.024, 0.220, 0.988, 0.021, 0.052,-0.104
 0.018, 0.232, 0.998,-0.011, 0.042,-0.096
 0.012, 0.240, 1.006,-0.044, 0.039,-0.078
-0.003, 0.250, 1.003,-0.065, 0.016,-0.058
-0.003, 0.250, 1.003,-0.068,-0.006,-0.025
-0.006, 0.258, 1.009,-0.059,-0.022, 0.005
-0.010, 0.258, 1.003,-0.042,-0.011, 0.023
-0.010, 0.258, 1.003,-0.020,-0.009, 0.028
-0.016, 0.250, 0.990, 0.013,-0.003, 0.027
-0.016, 0.250, 0.990, 0.040, 0.005, 0.018
-0.017, 0.249, 0.984, 0.062, 0.036, 0.010
-0.013, 0.260, 0.969, 0.075, 0.075, 0.015
-0.009, 0.265, 0.960, 0.086, 0.115, 0.012
-0.001, 0.265, 0.958, 0.088, 0.142, 0.003
-0.001, 0.265, 0.958, 0.091, 0.174,-0.007
 0.010, 0.272, 0.958, 0.083, 0.206,-0.023
 0.010, 0.272, 0.958, 0.077, 0.242,-0.054
 0.015, 0.271, 0.961, 0.072, 0.298,-0.089
 0.017, 0.273, 0.956, 0.071, 0.332,-0.121
 0.021, 0.273, 0.964, 0.073, 0.337,-0.136
 0.021, 0.273, 0.964, 0.065, 0.337,-0.136
 0.015, 0.281, 0.961, 0.060, 0.351,-0.131
 0.015, 0.281, 0.961, 0.051, 0.344,-0.115
 0.006, 0.292, 0.989, 0.042, 0.308,-0.083
 0.002, 0.291, 0.992, 0.038, 0.263,-0.051
 0.002, 0.291, 0.992, 0.032, 0.245,-0.023
-0.004, 0.286, 0.985, 0.040, 0.246,-0.004
-0.012, 0.285, 0.979, 0.052, 0.253, 0.028
-0.021, 0.285, 0.982, 0.068, 0.227, 0.080
-0.027, 0.283, 0.988, 0.071, 0.179, 0.131
-0.016, 0.261, 0.986, 0.054, 0.122, 0.176
-0.002, 0.248, 0.990, 0.022, 0.036, 0.235
-0.002, 0.248, 0.990,-0.010,-0.060, 0.286
 0.003, 0.231, 0.965,-0.025,-0.099, 0.321
 0.008, 0.219, 0.954,-0.034,-0.106, 0.333
 0.008, 0.219, 0.954,-0.036,-0.103, 0.318
 0.016, 0.200, 0.958,-0.027,-0.087, 0.283
 0.028, 0.195, 0.959,-0.012,-0.073, 0.223
 0.028, 0.195, 0.959,-0.001,-0.052, 0.164
 0.042, 0.189, 0.964,-0.003,-0.032, 0.113
 0.026, 0.198, 0.967,-0.021,-0.036, 0.079
 0.026, 0.198, 0.967,-0.067,-0.036, 0.067
-0.001, 0.207, 0.973,-0.125,-0.055, 0.066
-0.021, 0.215, 0.979,-0.184,-0.063, 0.065
-0.036, 0.219, 0.982,-0.224,-0.090, 0.057
-0.045, 0.219, 0.983,-0.251,-0.141, 0.057
-0.047, 0.219, 0.996,-0.267,-0.195, 0.078
-0.045, 0.221, 1.004,-0.269,-0.255, 0.105
-0.045, 0.228, 0.999,-0.256,-0.266, 0.119
-0.043, 0.239, 0.980,-0.234,-0.239, 0.123
-0.043, 0.251, 0.984,-0.194,-0.198, 0.108
-0.039, 0.256, 0.994,-0.144,-0.144, 0.076
-0.039, 0.256, 0.994,-0.091,-0.080, 0.039
-0.015, 0.257, 1.000,-0.041,-0.021,-0.000
-0.010, 0.267, 0.993,-0.011, 0.010,-0.028
-0.010, 0.267, 0.993, 0.004, 0.026,-0.037
-0.012, 0.274, 0.994,-0.003, 0.025,-0.040
-0.015, 0.278, 0.994,-0.024, 0.006,-0.032
-0.017, 0.281, 0.996,-0.045,-0.011,-0.015
-0.010, 0.281, 1.001,-0.044,-0.034, 0.003
-0.004, 0.279, 1.004,-0.036,-0.050, 0.036
 0.013, 0.272, 0.998,-0.016,-0.074, 0.074
 0.020, 0.274, 0.998,-0.008,-0.099, 0.129
 0.020, 0.274, 0.998,-0.001,-0.122, 0.188
 0.023, 0.279, 0.994,-0.007,-0.133, 0.242
 0.026, 0.280, 0.990,-0.020,-0.144, 0.288
 0.028, 0.275, 0.986,-0.032,-0.179, 0.315
 0.041, 0.252, 0.983,-0.041,-0.184, 0.314
 0.041, 0.252, 0.983,-0.055,-0.178, 0.290
 0.041, 0.243, 0.977,-0.087,-0.170, 0.259
 0.044, 0.239, 0.978,-0.125,-0.152, 0.226
 0.044, 0.239, 0.978,-0.164,-0.104, 0.176
 0.048, 0.228, 0.964,-0.198,-0.040, 0.126
 0.062, 0.197, 0.945,-0.221,-0.021, 0.088
 0.056, 0.189, 0.953,-0.231,-0.005, 0.063
 0.046, 0.184, 0.954,-0.228, 0.000, 0.044
 0.046, 0.184, 0.954,-0.213, 0.009, 0.026
 0.041, 0.177, 0.961,-0.188, 0.028, 0.013
 0.053, 0.162, 0.955,-0.158, 0.058, 0.006
 0.053, 0.162, 0.955,-0.142, 0.080, 0.009
 0.059, 0.158, 0.954,-0.131, 0.098, 0.017
 0.046, 0.159, 0.960,-0.123, 0.101, 0.020
 0.046, 0.159, 0.960,-0.116, 0.104, 0.007
 0.040, 0.156, 0.965,-0.102, 0.126,-0.014
 0.023, 0.161, 0.967,-0.083, 0.145,-0.025
 0.019, 0.171, 0.974,-0.060, 0.144,-0.035
 0.019, 0.171, 0.974,-0.036, 0.135,-0.028
-0.002, 0.193, 0.992,-0.021, 0.123,-0.021
-0.002, 0.193, 0.992,-0.004, 0.122,-0.008
-0.010, 0.214, 0.998, 0.013, 0.123, 0.009
-0.010, 0.214, 0.998, 0.036, 0.113, 0.021
-0.015, 0.225, 0.999, 0.041, 0.075, 0.038
-0.023, 0.234, 1.004, 0.019, 0.034, 0.064
-0.022, 0.252, 1.011,-0.010, 0.021, 0.090
-0.010, 0.251, 1.003,-0.023, 0.030, 0.105
-0.010, 0.251, 1.003,-0.023, 0.051, 0.106
 0.021, 0.239, 0.982,-0.018, 0.073, 0.103
 0.026, 0.235, 0.984,-0.028, 0.086, 0.098
 0.026, 0.235, 0.984,-0.048, 0.105, 0.095
 0.028, 0.232, 0.977,-0.068, 0.108, 0.089
 0.028, 0.232, 0.977,-0.074, 0.118, 0.079
 0.026, 0.220, 0.975,-0.070, 0.140, 0.076
 0.026, 0.220, 0.975,-0.066, 0.102, 0.080
 0.022, 0.221, 0.983,-0.081, 0.076, 0.098
-0.003, 0.216, 0.987,-0.100, 0.063, 0.110
-0.002, 0.204, 0.992,-0.093, 0.052, 0.112
-0.002, 0.204, 0.992,-0.069, 0.065, 0.101
 0.009, 0.189, 0.990,-0.038, 0.078, 0.081
 0.009, 0.189, 0.990,-0.025, 0.097, 0.063
 0.005, 0.181, 0.992,-0.032, 0.113, 0.045
 0.004, 0.180, 0.993,-0.051, 0.112, 0.030
 0.004, 0.180, 0.993,-0.068, 0.120, 0.017
 0.001, 0.174, 0.991,-0.083, 0.137,-0.008
 0.001, 0.174, 0.991,-0.101, 0.130,-0.025
-0.001, 0.172, 0.996,-0.136, 0.108,-0.030
 0.006, 0.163, 1.002,-0.170, 0.099,-0.022
 0.000, 0.158, 0.996,-0.189, 0.086,-0.010
-0.005, 0.155, 1.005,-0.182, 0.068,-0.002
-0.009, 0.157, 1.018,-0.157, 0.042, 0.005
-0.009, 0.157, 1.018,-0.132, 0.032, 0.009
-0.019, 0.160, 1.019,-0.115, 0.026, 0.007
-0.019, 0.160, 1.019,-0.100, 0.018,-0.006
-0.024, 0.153, 1.016,-0.081, 0.019,-0.030
-0.024, 0.153, 1.016,-0.065, 0.002,-0.046
-0.018, 0.163, 1.024,-0.064,-0.027,-0.047
-0.022, 0.170, 1.011,-0.073,-0.047,-0.043
-0.022, 0.172, 0.996,-0.083,-0.050,-0.046
-0.022, 0.172, 0.996,-0.071,-0.053,-0.055
-0.014, 0.179, 0.989,-0.038,-0.063,-0.060
-0.018, 0.187, 0.990, 0.005,-0.078,-0.053
-0.018, 0.187, 0.990, 0.039,-0.078,-0.033
-0.013, 0.201, 0.982, 0.069,-0.082,-0.012
-0.013, 0.201, 0.982, 0.096,-0.077, 0.008
-0.005, 0.206, 0.974, 0.119,-0.059, 0.030
-0.002, 0.214, 0.969, 0.132,-0.036, 0.034
-0.002, 0.227, 0.970, 0.119,-0.041, 0.045
 0.001, 0.233, 0.983, 0.083,-0.052, 0.065
-0.001, 0.238, 0.974, 0.041,-0.037, 0.080
-0.001, 0.238, 0.974, 0.010,-0.015, 0.092
 0.001, 0.233, 0.967,-0.007,-0.000, 0.087
 0.003, 0.224, 0.968,-0.016, 0.018, 0.071
-0.000, 0.220, 0.974,-0.022, 0.035, 0.060
-0.009, 0.216, 0.979,-0.023, 0.041, 0.048
-0.011, 0.211, 0.979,-0.026, 0.044, 0.041
-0.011, 0.197, 0.973,-0.029, 0.047, 0.051
-0.013, 0.195, 0.973,-0.034, 0.035, 0.066
-0.013, 0.195, 0.973,-0.036, 0.017, 0.092
-0.021, 0.194, 0.984,-0.042, 0.002, 0.117
-0.023, 0.189, 0.990,-0.048,-0.024, 0.138
-0.023, 0.189, 0.990,-0.046,-0.035, 0.144
-0.018, 0.179, 0.996,-0.046,-0.034, 0.133
-0.011, 0.171, 0.995,-0.053,-0.022, 0.111
-0.004, 0.163, 0.995,-0.064,-0.006, 0.076
 0.010, 0.143, 1.006,-0.078, 0.005, 0.041
 0.010, 0.143, 1.006,-0.099, 0.006, 0.006
 0.011, 0.142, 1.018,-0.120, 0.011,-0.020
 0.011, 0.141, 1.027,-0.134,-0.004,-0.023
 0.010, 0.147, 1.037,-0.144,-0.034,-0.008
 0.000, 0.160, 1.067,-0.142,-0.060, 0.011
 0.000, 0.160, 1.067,-0.136,-0.083, 0.030
 0.002, 0.157, 1.071,-0.128,-0.106, 0.047
 0.005, 0.156, 1.075,-0.116,-0.137, 0.056
 0.008, 0.157, 1.072,-0.105,-0.162, 0.059
 0.010, 0.157, 1.063,-0.101,-0.172, 0.056
 0.006, 0.165, 1.025,-0.091,-0.183, 0.047
 0.006, 0.165, 1.025,-0.087,-0.194, 0.031
 0.009, 0.175, 0.995,-0.087,-0.202, 0.019
 0.012, 0.181, 0.983,-0.091,-0.196, 0.016
 0.012, 0.181, 0.983,-0.088,-0.184, 0.017
 0.023, 0.185, 0.969,-0.084,-0.162, 0.028
 0.039, 0.193, 0.954,-0.082,-0.153, 0.043
 0.045, 0.192, 0.956,-0.085,-0.140, 0.059
 0.054, 0.190, 0.951,-0.091,-0.116, 0.058
 0.059, 0.187, 0.945,-0.107,-0.082, 0.053
 0.059, 0.187, 0.945,-0.126,-0.045, 0.047
 0.067, 0.183, 0.945,-0.151,-0.020, 0.037
 0.067, 0.183, 0.945,-0.173,-0.006, 0.032
 0.058, 0.179, 0.951,-0.176,-0.008, 0.030
 0.041, 0.164, 0.969,-0.167,-0.002, 0.035
 0.041, 0.164, 0.969,-0.145,-0.003, 0.036
 0.040, 0.158, 0.981,-0.116, 0.006, 0.039
 0.041, 0.151, 0.991,-0.092, 0.011, 0.041
 0.042, 0.141, 0.995,-0.083, 0.009, 0.036
 0.042, 0.141, 0.995,-0.086, 0.011, 0.023
 0.037, 0.123, 0.994,-0.093, 0.015, 0.001
 0.037, 0.123, 0.994,-0.096, 0.019,-0.016
 0.036, 0.120, 0.995,-0.092, 0.031,-0.027
 0.036, 0.117, 0.993,-0.084, 0.040,-0.034
 0.036, 0.117, 0.993,-0.073, 0.034,-0.036
 0.033, 0.117, 0.998,-0.066, 0.025,-0.045
 0.018, 0.112, 1.009,-0.062, 0.020,-0.060
 0.018, 0.112, 1.009,-0.062, 0.003,-0.079
 0.016, 0.106, 1.013,-0.064,-0.008,-0.094
 0.019, 0.106, 1.010,-0.071,-0.006,-0.110
 0.019, 0.106, 1.010,-0.070,-0.001,-0.123
 0.020, 0.106, 1.002,-0.065, 0.006,-0.139
 0.020, 0.109, 1.000,-0.062, 0.009,-0.153
 0.020, 0.115, 1.001,-0.068, 0.021,-0.162
 0.024, 0.125, 0.997,-0.078, 0.033,-0.161
 0.026, 0.128, 0.996,-0.090, 0.041,-0.150
 0.026, 0.128, 0.996,-0.097, 0.019,-0.133
 0.019, 0.136, 1.006,-0.104,-0.009,-0.118
 0.006, 0.145, 1.019,-0.109,-0.010,-0.113
 0.004, 0.144, 1.018,-0.107,-0.023,-0.119
 0.012, 0.141, 1.025,-0.101,-0.034,-0.121
 0.012, 0.141, 1.025,-0.104,-0.035,-0.125
 0.013, 0.139, 1.023,-0.096,-0.036,-0.136
 0.032, 0.128, 1.019,-0.095,-0.040,-0.142
 0.032, 0.128, 1.019,-0.095,-0.042,-0.138
 0.032, 0.128, 1.019,-0.097,-0.045,-0.133
 0.039, 0.131, 1.004,-0.102,-0.040,-0.133
 0.039, 0.131, 1.004,-0.105,-0.035,-0.128
 0.036, 0.131, 0.986,-0.106,-0.028,-0.131
 0.038, 0.129, 0.980,-0.097,-0.011,-0.131
 0.037, 0.130, 0.976,-0.088,-0.009,-0.128
 0.037, 0.130, 0.976,-0.079, 0.001,-0.118
 0.036, 0.130, 0.978,-0.067, 0.003,-0.102
 0.041, 0.129, 0.976,-0.051, 0.000,-0.081
 0.049, 0.133, 0.977,-0.036, 0.010,-0.057
 0.049, 0.133, 0.977,-0.020, 0.019,-0.050
 0.057, 0.124, 0.978,-0.001, 0.031,-0.038
 0.053, 0.124, 0.979, 0.012, 0.041,-0.024
 0.053, 0.124, 0.979, 0.024, 0.040,-0.010
 0.050, 0.124, 0.983, 0.032, 0.051, 0.005
 0.044, 0.128, 0.986, 0.039, 0.056, 0.021
 0.044, 0.128, 0.986, 0.035, 0.054, 0.043
 0.031, 0.137, 0.997, 0.022, 0.049, 0.056
 0.031, 0.137, 0.997, 0.008, 0.050, 0.058
 0.031, 0.130, 0.996,-0.001, 0.060, 0.054
 0.034, 0.124, 1.000,-0.009, 0.063, 0.044
 0.034, 0.124, 1.000,-0.013, 0.072, 0.034
 0.028, 0.115, 1.001,-0.011, 0.076, 0.028
 0.028, 0.115, 1.001,-0.002, 0.070, 0.025
 0.014, 0.115, 1.017, 0.010, 0.056, 0.031
 0.011, 0.114, 1.018, 0.027, 0.045, 0.037
 0.011, 0.114, 1.018, 0.037, 0.038, 0.039
 0.011, 0.110, 1.007, 0.046, 0.029, 0.037
 0.011, 0.110, 1.007, 0.053, 0.024, 0.035
 0.012, 0.110, 1.003, 0.058, 0.022, 0.030
